4.255916595458984375e+00 5.241308808326721191e-01 -9.035851955413818359e-01 4.758701801300048828e+00
1.641312122344970703e+00 1.301682233810424805e+00 -3.998459815979003906e+00 3.563110113143920898e+00
4.274507522583007812e+00 1.952092409133911133e+00 -7.422506332397460938e+00 4.871492385864257812e+00
1.542753815650939941e+00 8.867418169975280762e-01 -1.574231982231140137e+00 3.388593912124633789e+00
5.866148471832275391e-01 8.097764253616333008e-01 -2.943083047866821289e+00 2.285366058349609375e+00
1.129077196121215820e+00 1.102844715118408203e+00 -2.403944969177246094e+00 2.861178636550903320e+00
4.125544071197509766e+00 1.595301270484924316e+00 -4.655989170074462891e+00 4.795844078063964844e+00
9.483954906463623047e-01 7.301257252693176270e-01 -1.348617196083068848e+00 2.584266901016235352e+00
1.292649149894714355e+00 8.773702383041381836e-01 -2.651060342788696289e+00 3.179351568222045898e+00
2.119931459426879883e+00 1.977039933204650879e+00 -5.118972778320312500e+00 3.896488904953002930e+00
9.673122167587280273e-01 9.585767984390258789e-01 -2.451299428939819336e+00 2.661033391952514648e+00
1.360670208930969238e+00 1.260850310325622559e+00 -2.884273767471313477e+00 3.221765518188476562e+00
1.720264792442321777e+00 1.832544088363647461e+00 -7.833134174346923828e+00 4.017081737518310547e+00
3.813493013381958008e+00 2.142671823501586914e+00 -2.798838138580322266e+00 4.622861385345458984e+00
1.096622228622436523e+00 8.184895515441894531e-01 -1.461271762847900391e+00 2.516353368759155273e+00
1.046566128730773926e+00 1.022521972656250000e+00 -3.616127490997314453e+00 2.942548513412475586e+00
3.898791968822479248e-01 7.321317195892333984e-01 -3.239654541015625000e+00 2.186958789825439453e+00
7.653058767318725586e-01 7.265246510505676270e-01 -1.383466362953186035e+00 2.118162631988525391e+00
6.913144588470458984e-01 6.592419147491455078e-01 -2.185689687728881836e+00 2.439048528671264648e+00
3.078119039535522461e+00 2.037078857421875000e+00 -4.422037601470947266e+00 4.468171596527099609e+00
2.237158536911010742e+00 9.358705282211303711e-01 -1.235824942588806152e+00 3.554151296615600586e+00
1.014221906661987305e+00 9.175367355346679688e-01 -2.342735290527343750e+00 2.647029161453247070e+00
6.322166323661804199e-01 5.519713163375854492e-01 -1.120196938514709473e+00 2.123561859130859375e+00
8.068607449531555176e-01 7.117543220520019531e-01 -1.553160429000854492e+00 2.453641176223754883e+00
1.363767743110656738e+00 8.895700573921203613e-01 -1.628372430801391602e+00 2.955605268478393555e+00
1.176425695419311523e+00 9.310278296470642090e-01 -1.912335872650146484e+00 2.861555099487304688e+00
1.178826451301574707e+00 9.034107923507690430e-01 -1.792690753936767578e+00 2.646759748458862305e+00
4.240120649337768555e-01 5.824689865112304688e-01 -1.713232636451721191e+00 1.786323070526123047e+00
2.163282632827758789e+00 1.590176820755004883e+00 -3.884641885757446289e+00 3.764268159866333008e+00
9.548198580741882324e-01 8.400431871414184570e-01 -1.541399836540222168e+00 2.463386297225952148e+00
4.638084769248962402e-01 4.702858626842498779e-01 -1.019096136093139648e+00 1.552635073661804199e+00
9.037765860557556152e-01 8.945774435997009277e-01 -2.445265293121337891e+00 2.734325408935546875e+00
7.543918490409851074e-01 7.363305091857910156e-01 -1.743193745613098145e+00 2.536149740219116211e+00
1.075471401214599609e+00 9.896076321601867676e-01 -2.303195238113403320e+00 2.744843244552612305e+00
1.547041416168212891e+00 1.251642704010009766e+00 -2.601911783218383789e+00 3.534409523010253906e+00
1.170810937881469727e+00 1.304113030433654785e+00 -3.983846187591552734e+00 3.110508441925048828e+00
7.741572260856628418e-01 1.096000194549560547e+00 -4.155415058135986328e+00 2.722057342529296875e+00
1.013131976127624512e+00 1.071282505989074707e+00 -3.186771869659423828e+00 2.841107606887817383e+00
8.610717654228210449e-01 8.107395768165588379e-01 -3.069239377975463867e+00 2.198508262634277344e+00
3.987489461898803711e+00 3.261126995086669922e+00 -8.982233047485351562e+00 4.858105659484863281e+00
9.483569264411926270e-01 5.440014600753784180e-01 -6.126669645309448242e-01 2.510468721389770508e+00
1.412131309509277344e+00 1.049668312072753906e+00 -2.444930315017700195e+00 3.269918918609619141e+00
1.381034374237060547e+00 1.199127197265625000e+00 -2.857669353485107422e+00 3.144153833389282227e+00
8.602348566055297852e-01 1.000759482383728027e+00 -3.039675712585449219e+00 2.823481798171997070e+00
1.926457405090332031e+00 8.574957251548767090e-01 -7.713641226291656494e-02 3.389859914779663086e+00
5.132685303688049316e-01 5.520964264869689941e-01 -1.833183526992797852e+00 2.144067287445068359e+00
3.875668525695800781e+00 -2.976987361907958984e+00 8.082734107971191406e+00 5.570365428924560547e+00
6.110446453094482422e-01 2.233115434646606445e-01 -3.805547654628753662e-01 2.126806974411010742e+00
4.936157703399658203e+00 2.952478647232055664e+00 -1.078240013122558594e+01 5.454673767089843750e+00
6.472105503082275391e+00 3.160524606704711914e+00 -1.232821655273437500e+01 5.679202556610107422e+00
2.170114994049072266e+00 1.106939673423767090e+00 -6.745389103889465332e-01 4.198124408721923828e+00
1.308698177337646484e+00 1.256952524185180664e+00 -3.613086938858032227e+00 3.305917024612426758e+00
2.460700750350952148e+00 1.576376318931579590e+00 -5.482141494750976562e+00 4.374351024627685547e+00
2.318066120147705078e+00 1.510321259498596191e+00 -2.383392333984375000e+00 3.796236753463745117e+00
1.361197710037231445e+00 1.061169058084487915e-01 2.763329982757568359e+00 2.626600503921508789e+00
2.011060476303100586e+00 9.555596709251403809e-01 -6.489898562431335449e-01 3.300805091857910156e+00
1.604465246200561523e+00 1.413143396377563477e+00 -5.068233966827392578e+00 3.559407711029052734e+00
1.600208997726440430e+00 8.188042640686035156e-01 -1.392508864402770996e+00 3.579525232315063477e+00
9.962978363037109375e-01 7.308955788612365723e-01 -1.089513421058654785e+00 2.415417909622192383e+00
1.479435563087463379e+00 1.172192573547363281e+00 -2.935723781585693359e+00 3.166337966918945312e+00
2.065795421600341797e+00 6.923359632492065430e-01 -1.759756565093994141e+00 4.084547042846679688e+00
9.874094724655151367e-01 1.013182997703552246e+00 -2.545185089111328125e+00 2.925898313522338867e+00
9.163857102394104004e-01 8.566398024559020996e-01 -2.004914760589599609e+00 2.581584453582763672e+00
5.347377300262451172e+00 3.900700807571411133e+00 -9.532032966613769531e+00 5.259608745574951172e+00
3.984455823898315430e+00 3.375063180923461914e+00 -1.114473247528076172e+01 4.963806629180908203e+00
5.511562228202819824e-01 4.802222251892089844e-01 -1.127321720123291016e+00 1.713069558143615723e+00
1.171560049057006836e+00 4.801668822765350342e-01 -1.563330888748168945e+00 3.067235946655273438e+00
8.862895965576171875e-01 9.375903606414794922e-01 -2.614149332046508789e+00 2.661715030670166016e+00
1.950032234191894531e+00 1.371645092964172363e+00 -2.385327577590942383e+00 3.673981428146362305e+00
2.833362817764282227e+00 2.135228872299194336e+00 -1.045957469940185547e+01 4.686779022216796875e+00
2.831944704055786133e+00 1.787247180938720703e+00 -3.237661361694335938e+00 4.156969070434570312e+00
7.263395190238952637e-01 8.724660277366638184e-01 -2.615192890167236328e+00 2.272239923477172852e+00
1.237882852554321289e+00 1.035922169685363770e+00 -2.487077951431274414e+00 3.213763952255249023e+00
8.061672449111938477e-01 3.555594086647033691e-01 -5.089336633682250977e-01 2.334105491638183594e+00
1.217600464820861816e+00 7.114204168319702148e-01 -1.456682443618774414e+00 2.929278850555419922e+00
3.581076860427856445e+00 3.054138898849487305e+00 -1.315937042236328125e+01 5.165895462036132812e+00
1.293270945549011230e+00 1.854119539260864258e+00 -6.469902515411376953e+00 3.493722438812255859e+00
8.905679583549499512e-01 8.793193101882934570e-01 -2.464009523391723633e+00 2.753837823867797852e+00
4.325897216796875000e+00 3.827856540679931641e+00 -1.378833198547363281e+01 5.194403648376464844e+00
1.158564090728759766e+00 1.174987196922302246e+00 -3.341158866882324219e+00 3.015586853027343750e+00
1.134918093681335449e+00 8.208830356597900391e-01 -1.390294075012207031e+00 2.636983871459960938e+00
1.474544286727905273e+00 1.030684947967529297e+00 -2.263795137405395508e+00 3.299207687377929688e+00
1.088299036026000977e+00 6.290830373764038086e-01 -5.199174284934997559e-01 2.517333269119262695e+00
1.559018969535827637e+00 1.294459462165832520e+00 -2.517517566680908203e+00 3.277825117111206055e+00
6.891493201255798340e-01 7.029948234558105469e-01 -1.951392889022827148e+00 2.250576019287109375e+00
1.047123789787292480e+00 1.398576378822326660e+00 -4.792730808258056641e+00 3.581558465957641602e+00
5.664710998535156250e-01 7.865386605262756348e-01 -4.043138027191162109e+00 2.331474065780639648e+00
8.736891150474548340e-01 6.139561533927917480e-01 -2.444653272628784180e+00 2.662608385086059570e+00
8.720508813858032227e-01 1.000335931777954102e+00 -2.788279771804809570e+00 2.554438829421997070e+00
7.118366956710815430e-01 6.044821143150329590e-01 -1.710229635238647461e+00 2.229275465011596680e+00
2.138394415378570557e-01 4.239025712013244629e-01 -1.303433775901794434e+00 9.468554854393005371e-01
1.112223267555236816e+00 1.269626021385192871e+00 -3.851573944091796875e+00 3.040760993957519531e+00
3.614993572235107422e+00 -1.938876509666442871e-01 4.392405986785888672e+00 4.626310825347900391e+00
3.117339849472045898e+00 -1.733678132295608521e-01 -9.166700243949890137e-01 4.756722927093505859e+00
2.952027797698974609e+00 1.937968850135803223e+00 -8.003394126892089844e+00 4.687883853912353516e+00
4.921668529510498047e+00 3.052204132080078125e+00 -1.615344429016113281e+01 5.728253364562988281e+00
2.211853504180908203e+00 2.078053712844848633e+00 -6.513558387756347656e+00 4.101122379302978516e+00
3.327898979187011719e+00 2.678097724914550781e+00 -7.055790901184082031e+00 4.532166481018066406e+00
1.016723513603210449e+00 9.915531277656555176e-01 -2.127325057983398438e+00 2.756701946258544922e+00
9.898310899734497070e-01 6.430737376213073730e-01 -1.128221988677978516e+00 2.531849861145019531e+00
1.441033244132995605e+00 7.289477586746215820e-01 -6.492500305175781250e-01 3.075600147247314453e+00
3.687775373458862305e+00 1.550762891769409180e+00 -5.373671531677246094e+00 4.686502456665039062e+00
3.370342493057250977e+00 1.217514514923095703e+00 -2.827104091644287109e+00 4.559175491333007812e+00
1.578734755516052246e+00 1.465285181999206543e+00 -3.645345211029052734e+00 3.258324861526489258e+00
1.631222963333129883e+00 1.448927760124206543e+00 -3.300130128860473633e+00 3.285851240158081055e+00
8.059132099151611328e-01 1.057694673538208008e+00 -3.533655405044555664e+00 2.757261276245117188e+00
2.348997831344604492e+00 1.137013077735900879e+00 -3.886316776275634766e+00 4.081943511962890625e+00
8.539426326751708984e-01 7.251254320144653320e-01 -1.308437705039978027e+00 2.217888355255126953e+00
1.101565241813659668e+00 8.774823546409606934e-01 -1.480220794677734375e+00 2.731019020080566406e+00
8.233166337013244629e-01 1.419862955808639526e-01 1.182075142860412598e-01 2.429928302764892578e+00
6.020526885986328125e-01 6.003519296646118164e-01 -1.221143484115600586e+00 1.913582563400268555e+00
2.840872287750244141e+00 2.195654153823852539e+00 -5.109274864196777344e+00 4.176610469818115234e+00
1.474564790725708008e+00 9.339014887809753418e-01 -1.135062098503112793e+00 2.964305877685546875e+00
2.048646926879882812e+00 1.389868140220642090e+00 -2.451989173889160156e+00 3.641991376876831055e+00
5.969866752624511719e+00 4.498349666595458984e+00 -1.149778079986572266e+01 5.608601570129394531e+00
1.150715470314025879e+00 -1.704913228750228882e-01 -1.229583621025085449e+00 3.228183507919311523e+00
1.841080307960510254e+00 1.059585571289062500e+00 -8.478307723999023438e-01 3.349340200424194336e+00
3.108903884887695312e+00 2.367126226425170898e+00 -6.093194961547851562e+00 4.323125839233398438e+00
7.894706726074218750e-01 6.282317638397216797e-01 -1.521792411804199219e+00 2.477268218994140625e+00
2.080709457397460938e+00 1.131017088890075684e+00 -3.657591581344604492e+00 3.969421386718750000e+00
1.642359852790832520e+00 1.673373818397521973e+00 -5.310080528259277344e+00 3.494539737701416016e+00
1.585282683372497559e+00 1.407484173774719238e+00 -3.641493797302246094e+00 3.527616500854492188e+00
1.144036412239074707e+00 8.039906024932861328e-01 -3.321744441986083984e+00 3.084136962890625000e+00
2.016996145248413086e+00 1.660645008087158203e+00 -6.240784168243408203e+00 4.232663154602050781e+00
2.092790365219116211e+00 1.011714935302734375e+00 -1.636043190956115723e+00 3.580292940139770508e+00
1.281450867652893066e+00 9.456076025962829590e-01 -2.125850200653076172e+00 3.218067169189453125e+00
2.563345670700073242e+00 1.822761893272399902e+00 -3.892206430435180664e+00 3.931527614593505859e+00
9.515438675880432129e-01 1.105523705482482910e+00 -4.688307762145996094e+00 3.217586278915405273e+00
1.212824463844299316e+00 9.098582267761230469e-01 -1.541244387626647949e+00 2.790635347366333008e+00
8.854358792304992676e-01 4.980688095092773438e-01 -3.867921531200408936e-01 2.200116872787475586e+00
9.034178853034973145e-01 1.105295062065124512e+00 -3.164640426635742188e+00 2.778280973434448242e+00
5.716152787208557129e-01 4.439863264560699463e-01 -7.749118804931640625e-01 1.946264863014221191e+00
3.585810959339141846e-01 4.069284498691558838e-01 -4.211163520812988281e-01 9.816062450408935547e-01
1.182038545608520508e+00 9.451919198036193848e-01 -2.247882843017578125e+00 2.812510728836059570e+00
1.149392008781433105e+00 9.915274977684020996e-01 -1.960858225822448730e+00 2.884702920913696289e+00
7.552987337112426758e-01 7.085011601448059082e-01 -1.808569669723510742e+00 2.412307977676391602e+00
5.833575129508972168e-01 6.219795942306518555e-01 -1.539199352264404297e+00 2.149289846420288086e+00
1.731676161289215088e-01 1.899312734603881836e-01 -4.040404856204986572e-01 1.026796221733093262e+00
2.707807540893554688e+00 -1.029046535491943359e+01 1.733089447021484375e+01 5.872914314270019531e+00
4.160245418548583984e+00 4.059849381446838379e-01 7.297518849372863770e-01 4.605885505676269531e+00
2.034442424774169922e+00 -6.155777931213378906e+00 1.479757499694824219e+01 5.836104869842529297e+00
8.757921457290649414e-01 5.986278653144836426e-01 -1.094274997711181641e+00 2.609841346740722656e+00
5.292591094970703125e+00 2.227644443511962891e+00 -6.275746822357177734e+00 5.245362281799316406e+00
2.583032369613647461e+00 2.379008531570434570e+00 -7.029955863952636719e+00 4.170126438140869141e+00
2.071803808212280273e+00 1.525612831115722656e+00 -3.778647899627685547e+00 3.881003379821777344e+00
3.603787899017333984e+00 3.257983624935150146e-01 3.608068704605102539e+00 5.202142238616943359e+00
1.026746153831481934e+00 6.819843053817749023e-01 -1.805691003799438477e+00 2.658096313476562500e+00
1.787315249443054199e+00 1.246629714965820312e+00 -3.346890449523925781e+00 3.492906570434570312e+00
9.647694826126098633e-01 7.475146651268005371e-01 -1.565353989601135254e+00 2.439685583114624023e+00
2.040122747421264648e+00 -4.313374757766723633e-01 1.458093523979187012e+00 3.966928005218505859e+00
3.465135335922241211e+00 1.627442598342895508e+00 -2.142685413360595703e+00 4.821052551269531250e+00
7.305796146392822266e-01 5.646739602088928223e-01 -1.689207196235656738e+00 2.403784513473510742e+00
2.509636878967285156e+00 2.597922801971435547e+00 -7.720107555389404297e+00 4.382732391357421875e+00
2.152657032012939453e+00 1.237569808959960938e+00 -1.161029577255249023e+00 3.771498680114746094e+00
2.500144720077514648e+00 8.859199285507202148e-01 -5.757986307144165039e-01 4.208800315856933594e+00
2.974104404449462891e+00 2.277355194091796875e+00 -6.645527362823486328e+00 4.372652530670166016e+00
1.308548808097839355e+00 9.221161007881164551e-01 -1.550134539604187012e+00 2.977301120758056641e+00
8.888487219810485840e-01 8.244153261184692383e-01 -1.889099955558776855e+00 2.521784067153930664e+00
7.887060642242431641e-01 7.314165830612182617e-01 -1.835488915443420410e+00 2.520356655120849609e+00
7.090616822242736816e-01 6.320512890815734863e-01 -9.374069571495056152e-01 1.891842007637023926e+00
8.986110091209411621e-01 9.385165572166442871e-01 -2.195150613784790039e+00 2.618333101272583008e+00
1.567678570747375488e+00 2.052086353302001953e+00 -7.064649105072021484e+00 3.725257158279418945e+00
1.263565659523010254e+00 1.337290048599243164e+00 -6.057160854339599609e+00 3.768026113510131836e+00
1.215553760528564453e+00 1.272821068763732910e+00 -3.173341035842895508e+00 2.953567743301391602e+00
1.169644713401794434e+00 9.790156483650207520e-01 -1.830186009407043457e+00 2.780138969421386719e+00
1.010437726974487305e+00 5.661073327064514160e-01 3.397047519683837891e-01 2.338830947875976562e+00
1.377296686172485352e+00 8.276998400688171387e-01 -1.003223896026611328e+00 2.877615451812744141e+00
1.369762778282165527e+00 9.167122244834899902e-01 -1.618264794349670410e+00 3.016233921051025391e+00
6.130878329277038574e-01 1.019953727722167969e+00 -4.443770408630371094e+00 2.834622621536254883e+00
9.578971862792968750e-01 1.286775827407836914e+00 -4.998515129089355469e+00 3.174736261367797852e+00
9.739868640899658203e-01 5.683083534240722656e-01 -1.271398305892944336e+00 3.110229015350341797e+00
5.997159481048583984e-01 3.807138502597808838e-01 -4.822436571121215820e-01 1.959040164947509766e+00
4.761024475097656250e+00 3.965806961059570312e+00 -1.182170486450195312e+01 5.177917957305908203e+00
1.683079481124877930e+00 1.406019687652587891e+00 -3.684914112091064453e+00 3.468210458755493164e+00
9.816344976425170898e-01 5.632450580596923828e-01 -2.598445490002632141e-02 2.374218225479125977e+00
1.251134395599365234e+00 7.501704692840576172e-01 -2.034738302230834961e+00 2.985617876052856445e+00
7.730193734169006348e-01 8.749281764030456543e-01 -2.192686080932617188e+00 2.318155050277709961e+00
1.079836487770080566e+00 7.706494331359863281e-01 -1.638657808303833008e+00 2.729773521423339844e+00
7.238671183586120605e-01 4.934197962284088135e-01 -1.335600376129150391e+00 2.259363889694213867e+00
4.131054282188415527e-01 6.343160867691040039e-01 -2.103492498397827148e+00 1.924760460853576660e+00
8.291858434677124023e-01 5.610274076461791992e-01 -8.796184062957763672e-01 2.492392539978027344e+00
4.426892101764678955e-01 4.312285780906677246e-01 -1.346272528171539307e-01 2.252135992050170898e+00
1.908499598503112793e-01 2.697779238224029541e-01 -7.598378062248229980e-01 1.557527065277099609e+00
1.877738237380981445e-01 1.627983301877975464e-01 -4.263848364353179932e-01 1.458883762359619141e+00
1.345542430877685547e+00 -4.702121257781982422e+00 1.124017715454101562e+01 4.590110301971435547e+00
2.654958963394165039e+00 2.352307289838790894e-01 3.613671302795410156e+00 4.396950721740722656e+00
1.251320481300354004e+00 7.100750803947448730e-01 -1.632461547851562500e+00 2.841516017913818359e+00
3.047450542449951172e+00 -2.088348716497421265e-01 -1.416473239660263062e-01 4.815093040466308594e+00
2.192585945129394531e+00 5.435837507247924805e-01 -6.731480360031127930e-01 4.192632675170898438e+00
9.773476123809814453e-01 1.052001476287841797e+00 -3.493725061416625977e+00 2.817629814147949219e+00
2.093737602233886719e+00 -3.443771302700042725e-01 2.127195596694946289e+00 4.086672306060791016e+00
7.413731217384338379e-01 5.378184914588928223e-01 -2.519887924194335938e+00 2.631596088409423828e+00
2.280797481536865234e+00 1.113266944885253906e+00 -2.654488801956176758e+00 4.091167926788330078e+00
1.504532217979431152e+00 1.436076164245605469e+00 -3.431844472885131836e+00 3.330953836441040039e+00
1.241648793220520020e+00 8.268125653266906738e-01 -1.543358206748962402e+00 2.785861253738403320e+00
2.313738346099853516e+00 2.196690797805786133e+00 -6.497899532318115234e+00 4.003403663635253906e+00
3.251770138740539551e-01 5.348700881004333496e-01 -1.646795392036437988e+00 1.421567559242248535e+00
3.171339273452758789e+00 2.228440761566162109e+00 -5.963895320892333984e+00 4.587013244628906250e+00
5.792569637298583984e+00 4.830174922943115234e+00 -1.361919403076171875e+01 5.442002773284912109e+00
1.036159515380859375e+00 4.535746276378631592e-01 -6.575607061386108398e-01 2.629534482955932617e+00
4.186867713928222656e+00 2.452385187149047852e+00 -1.210791301727294922e+01 5.279648303985595703e+00
3.628364562988281250e+00 2.768131971359252930e+00 -8.879163742065429688e+00 4.827174186706542969e+00
1.015489220619201660e+00 7.787866592407226562e-01 -2.331481695175170898e+00 2.791718959808349609e+00
3.624237298965454102e+00 2.819990396499633789e+00 -7.968691825866699219e+00 4.642878532409667969e+00
8.233631849288940430e-01 7.891702651977539062e-01 -1.855730533599853516e+00 2.404263496398925781e+00
1.346897125244140625e+00 6.384405493736267090e-01 -2.830459356307983398e+00 2.989181280136108398e+00
6.122343540191650391e-01 5.897355079650878906e-01 -1.187820076942443848e+00 2.121845960617065430e+00
3.715749740600585938e+00 2.613636016845703125e+00 -5.843931674957275391e+00 4.742710590362548828e+00
3.640102386474609375e+00 3.854588270187377930e+00 -1.267932415008544922e+01 4.801984786987304688e+00
2.795092344284057617e+00 2.737056255340576172e+00 -1.296671295166015625e+01 4.925935268402099609e+00
6.158261895179748535e-01 5.553639531135559082e-01 -1.135282397270202637e+00 2.009236335754394531e+00
7.667909264564514160e-01 8.872266411781311035e-01 -3.516024827957153320e+00 2.763492584228515625e+00
9.874457120895385742e-01 3.124243319034576416e-01 -9.532530307769775391e-01 3.099761724472045898e+00
6.020973920822143555e-01 6.235914826393127441e-01 -1.788270473480224609e+00 2.345559835433959961e+00
8.343330621719360352e-01 6.574022769927978516e-01 -1.035129666328430176e+00 2.535540819168090820e+00
5.758680701255798340e-01 7.088277339935302734e-01 -1.980196118354797363e+00 2.291890621185302734e+00
2.486572504043579102e+00 1.935059309005737305e+00 -4.355631828308105469e+00 3.969659090042114258e+00
2.314832687377929688e+00 2.032134771347045898e+00 -7.500405311584472656e+00 4.290267944335937500e+00
9.657318592071533203e-01 1.200836896896362305e+00 -3.815981626510620117e+00 3.001434326171875000e+00
1.772559046745300293e+00 1.302363276481628418e+00 -2.215831756591796875e+00 3.348684072494506836e+00
4.259364604949951172e-01 5.080345869064331055e-01 -1.145341277122497559e+00 1.546416282653808594e+00
8.514547348022460938e-01 9.191370010375976562e-01 -2.261123657226562500e+00 2.801155328750610352e+00
1.281738758087158203e+00 1.234405040740966797e+00 -3.389869213104248047e+00 3.106835842132568359e+00
8.684090971946716309e-01 3.195146024227142334e-01 -8.778221607208251953e-01 2.843097209930419922e+00
1.736162543296813965e+00 1.210929751396179199e+00 -1.887606501579284668e+00 3.293097257614135742e+00
7.560596466064453125e-01 4.474189877510070801e-01 -3.080817461013793945e-01 2.046125411987304688e+00
4.959346652030944824e-01 4.365387856960296631e-01 -1.589473485946655273e+00 2.225614309310913086e+00
6.086021065711975098e-01 4.246869981288909912e-01 -6.416106820106506348e-01 1.842977523803710938e+00
2.288287281990051270e-01 5.541092157363891602e-02 -2.514645755290985107e-01 1.428065776824951172e+00
1.242533698678016663e-01 1.891691237688064575e-01 -6.098106503486633301e-01 1.244573354721069336e+00
9.314294457435607910e-01 -1.719130992889404297e+00 5.568584442138671875e+00 3.531845569610595703e+00
2.996996045112609863e-01 -4.107515335083007812e+00 1.042587089538574219e+01 4.021782875061035156e+00
2.673505067825317383e+00 -2.078444957733154297e+00 4.390797138214111328e+00 5.208544254302978516e+00
1.508314490318298340e+00 1.297582626342773438e+00 -2.893512010574340820e+00 3.267103433609008789e+00
1.985914111137390137e+00 1.495985746383666992e+00 -3.945480585098266602e+00 3.805726766586303711e+00
4.084213256835937500e+00 1.556589752435684204e-01 -4.651341438293457031e-01 4.971461296081542969e+00
4.523564815521240234e+00 -6.728368997573852539e-01 -4.913986682891845703e+00 5.441998004913330078e+00
2.049686670303344727e+00 -6.576778292655944824e-01 1.858113288879394531e+00 4.026692390441894531e+00
2.294804096221923828e+00 2.423634529113769531e+00 -8.167260169982910156e+00 4.219864845275878906e+00
3.313037633895874023e+00 3.069075584411621094e+00 -1.135602188110351562e+01 4.774376869201660156e+00
3.235999584197998047e+00 2.263920545578002930e+00 -5.110757827758789062e+00 4.408444881439208984e+00
1.018671035766601562e+00 6.488711833953857422e-01 -9.771924614906311035e-01 2.615557670593261719e+00
2.529515981674194336e+00 1.980742096900939941e+00 -5.810757637023925781e+00 4.272347927093505859e+00
3.170810461044311523e+00 2.593741655349731445e+00 -6.920053005218505859e+00 4.449730873107910156e+00
2.477836847305297852e+00 1.803732514381408691e+00 -3.458674907684326172e+00 3.848604440689086914e+00
1.469100117683410645e+00 9.504745006561279297e-01 -1.437954425811767578e+00 2.995006084442138672e+00
4.283677101135253906e+00 3.039072036743164062e+00 -8.703738212585449219e+00 4.927493095397949219e+00
9.892522096633911133e-01 8.646335601806640625e-01 -1.942064881324768066e+00 2.960152387619018555e+00
1.883590817451477051e+00 1.044481873512268066e+00 -1.395155429840087891e+00 3.476749897003173828e+00
1.909229040145874023e+00 1.847297310829162598e+00 -5.773155212402343750e+00 3.800311088562011719e+00
6.249374151229858398e-01 6.221452355384826660e-01 -2.199824810028076172e+00 2.176359415054321289e+00
2.232373237609863281e+00 1.655128836631774902e+00 -3.342616796493530273e+00 3.858286857604980469e+00
5.602593898773193359e+00 3.049171209335327148e+00 -6.064509391784667969e+00 5.242284774780273438e+00
1.355114221572875977e+00 8.914140462875366211e-01 -1.386217355728149414e+00 3.007030248641967773e+00
1.609847903251647949e+00 1.398023843765258789e+00 -4.040308475494384766e+00 3.634499073028564453e+00
2.596732139587402344e+00 1.600288629531860352e+00 -2.604804992675781250e+00 4.044194221496582031e+00
1.650174856185913086e+00 1.102539181709289551e+00 -1.921623349189758301e+00 3.223461866378784180e+00
2.041791439056396484e+00 1.615057349205017090e+00 -4.091164112091064453e+00 3.727907419204711914e+00
1.200479507446289062e+00 7.932981848716735840e-01 -2.987838745117187500e+00 3.032224416732788086e+00
6.836456656455993652e-01 7.585129141807556152e-01 -1.994096755981445312e+00 2.161565542221069336e+00
1.643586397171020508e+00 1.729267358779907227e+00 -6.933436393737792969e+00 3.906021118164062500e+00
4.361952304840087891e+00 2.508170604705810547e+00 -4.737281322479248047e+00 4.800920963287353516e+00
1.631072044372558594e+00 1.725571393966674805e+00 -5.267692089080810547e+00 3.562185287475585938e+00
3.731036782264709473e-01 4.520754814147949219e-01 -1.181691646575927734e+00 1.690485119819641113e+00
5.011759400367736816e-01 6.036764383316040039e-01 -1.400830507278442383e+00 2.231838226318359375e+00
4.074369370937347412e-01 3.527429103851318359e-01 -4.227000176906585693e-01 1.943403244018554688e+00
1.038335084915161133e+00 1.112876772880554199e+00 -3.314324378967285156e+00 3.098237276077270508e+00
7.408134341239929199e-01 1.277646780014038086e+00 -4.022278308868408203e+00 2.992586851119995117e+00
3.311656236648559570e+00 2.989058494567871094e+00 -9.007978439331054688e+00 4.527009963989257812e+00
3.474766612052917480e-01 2.559828162193298340e-01 4.207113385200500488e-01 1.015094399452209473e+00
1.690436363220214844e+00 1.278448820114135742e+00 -2.640833377838134766e+00 3.405724525451660156e+00
1.722817182540893555e+00 1.126021146774291992e+00 -3.505838394165039062e+00 3.731837987899780273e+00
3.304700851440429688e-01 2.188144624233245850e-01 -2.729702293872833252e-01 1.258895635604858398e+00
2.045028209686279297e+00 2.091740608215332031e+00 -6.678948402404785156e+00 3.943749189376831055e+00
3.246150016784667969e-01 1.557101309299468994e-01 -3.946034908294677734e-01 1.543412566184997559e+00
2.504089772701263428e-01 -2.871235013008117676e-01 2.672033071517944336e+00 2.177832603454589844e+00
1.530784249305725098e+00 -1.950957298278808594e+00 7.430838584899902344e+00 4.679040908813476562e+00
6.882575988769531250e+00 1.225593447685241699e+00 -1.214360523223876953e+01 5.401636123657226562e+00
9.027634859085083008e-01 7.815455198287963867e-01 -1.812533855438232422e+00 2.658161401748657227e+00
3.268927335739135742e+00 2.618718147277832031e+00 -7.694252967834472656e+00 4.466049194335937500e+00
1.017964959144592285e+00 5.067675709724426270e-01 -2.317734479904174805e+00 2.706659793853759766e+00
2.308043718338012695e+00 -3.680388927459716797e-01 2.733781933784484863e-01 4.157505989074707031e+00
2.927109956741333008e+00 2.139065027236938477e+00 -1.042188358306884766e+01 5.188801765441894531e+00
1.274654746055603027e+00 9.875391125679016113e-01 -1.928089380264282227e+00 2.868044853210449219e+00
1.109851241111755371e+00 -4.629880487918853760e-01 2.180891036987304688e+00 3.268244743347167969e+00
2.668926954269409180e+00 8.070430755615234375e-01 -5.099854946136474609e+00 4.532987594604492188e+00
3.327329397201538086e+00 3.047166824340820312e+00 -1.130060100555419922e+01 4.701015472412109375e+00
7.104059457778930664e-01 4.737998545169830322e-01 -7.029081583023071289e-01 2.195124626159667969e+00
1.702152013778686523e+00 1.405772328376770020e+00 -3.237614154815673828e+00 3.359881877899169922e+00
3.987222313880920410e-01 5.333617329597473145e-01 -1.435381531715393066e+00 1.840690851211547852e+00
2.307161808013916016e+00 1.773007154464721680e+00 -3.259769201278686523e+00 3.859508037567138672e+00
4.812374114990234375e+00 2.599900245666503906e+00 -6.425361633300781250e+00 5.230391502380371094e+00
2.768132448196411133e+00 2.495004177093505859e+00 -7.264750957489013672e+00 4.308700561523437500e+00
1.885365366935729980e+00 1.442866206169128418e+00 -5.489903450012207031e+00 4.280570030212402344e+00
6.594122648239135742e-01 7.207192778587341309e-01 -1.863405942916870117e+00 2.213111400604248047e+00
1.656568288803100586e+00 1.125565767288208008e+00 -3.004315614700317383e+00 3.548354864120483398e+00
8.682377934455871582e-01 7.621380686759948730e-01 -1.513960719108581543e+00 2.408772230148315430e+00
9.834495186805725098e-01 8.670652508735656738e-01 -1.726854324340820312e+00 2.556327581405639648e+00
4.772043526172637939e-01 5.167105197906494141e-01 -1.500949263572692871e+00 1.934748291969299316e+00
1.279406189918518066e+00 1.466056823730468750e+00 -4.666676998138427734e+00 3.340330600738525391e+00
5.266270637512207031e-01 4.780573546886444092e-01 -1.318310856819152832e+00 1.983690500259399414e+00
1.531649351119995117e+00 9.869510531425476074e-01 -2.212724685668945312e+00 3.251092672348022461e+00
1.064883828163146973e+00 1.237295508384704590e+00 -3.721489191055297852e+00 3.294668674468994141e+00
9.900390505790710449e-01 1.469273805618286133e+00 -6.108223915100097656e+00 3.508164167404174805e+00
5.467473983764648438e+00 4.216307640075683594e+00 -1.155488109588623047e+01 5.472779750823974609e+00
5.481278419494628906e+00 3.623847723007202148e+00 -1.227409934997558594e+01 5.722942829132080078e+00
1.406765937805175781e+00 8.600639104843139648e-01 -1.684718608856201172e+00 3.071201324462890625e+00
6.935216188430786133e-01 6.183817386627197266e-01 -1.669743418693542480e+00 2.315977334976196289e+00
3.281438350677490234e+00 3.010533332824707031e+00 -1.207514476776123047e+01 4.987841129302978516e+00
9.403252601623535156e-01 9.477220475673675537e-02 -1.763721585273742676e+00 2.981679201126098633e+00
1.342331051826477051e+00 1.133169293403625488e+00 -2.917848825454711914e+00 3.189905643463134766e+00
1.369988799095153809e+00 7.833425402641296387e-01 -7.250419855117797852e-01 2.917932271957397461e+00
1.144696950912475586e+00 1.098392009735107422e+00 -2.746166229248046875e+00 3.020152091979980469e+00
1.516673326492309570e+00 1.187962412834167480e+00 -2.535695791244506836e+00 3.244437932968139648e+00
1.024170637130737305e+00 7.403320670127868652e-01 -1.087342858314514160e+00 2.579339742660522461e+00
1.027923941612243652e+00 7.392444610595703125e-01 -2.010071277618408203e+00 2.837898969650268555e+00
5.981756448745727539e-01 4.641322791576385498e-01 -7.161868810653686523e-01 2.023900985717773438e+00
2.360382795333862305e+00 2.145955562591552734e+00 -5.877606868743896484e+00 4.171087741851806641e+00
8.959336280822753906e-01 9.873128533363342285e-01 -3.414293050765991211e+00 2.949390649795532227e+00
1.089228987693786621e+00 8.413322567939758301e-01 -1.941652059555053711e+00 2.909089088439941406e+00
2.897547245025634766e+00 2.076071739196777344e+00 -3.549645662307739258e+00 4.202537059783935547e+00
1.146689951419830322e-01 4.894905388355255127e-01 -2.019524574279785156e+00 1.434031605720520020e+00
1.520825982093811035e+00 1.083164453506469727e+00 -1.803437232971191406e+00 3.221701383590698242e+00
3.382555723190307617e+00 2.397945642471313477e+00 -5.584473609924316406e+00 4.462302207946777344e+00
5.051087737083435059e-01 -4.304148674011230469e+00 1.148001670837402344e+01 4.609129905700683594e+00
2.742465734481811523e+00 -1.570928454399108887e+00 3.217199563980102539e+00 4.792480945587158203e+00
7.241304516792297363e-01 6.533383727073669434e-01 -1.453154683113098145e+00 2.371566295623779297e+00
1.234789490699768066e+00 8.413608074188232422e-01 -2.986648797988891602e+00 3.407462120056152344e+00
1.702769160270690918e+00 2.105409055948257446e-01 -7.765779495239257812e-01 3.135214805603027344e+00
9.684510827064514160e-01 8.029668927192687988e-01 -2.872484207153320312e+00 2.730746030807495117e+00
4.814425945281982422e+00 4.167641699314117432e-02 -5.382828235626220703e+00 5.638327121734619141e+00
9.650788307189941406e-01 1.077592134475708008e+00 -4.259370326995849609e+00 3.080813169479370117e+00
1.323630332946777344e+00 4.079171121120452881e-01 -1.627050936222076416e-01 2.950375080108642578e+00
1.693428277969360352e+00 1.121218409389257431e-02 -8.395035266876220703e-01 4.326221466064453125e+00
5.487711429595947266e+00 2.004034996032714844e+00 -5.127068519592285156e+00 5.216689586639404297e+00
1.048587799072265625e+00 4.858141243457794189e-01 -1.106278181076049805e+00 2.837638616561889648e+00
8.311467766761779785e-01 7.680734992027282715e-01 -1.807231545448303223e+00 2.590418577194213867e+00
3.159555912017822266e+00 2.721817255020141602e+00 -1.199250602722167969e+01 4.572993278503417969e+00
2.141893386840820312e+00 5.117247104644775391e-01 -6.954541802406311035e-01 4.716960906982421875e+00
1.755153417587280273e+00 1.342294216156005859e+00 -4.365180015563964844e+00 3.705176591873168945e+00
1.105666279792785645e+00 7.476148605346679688e-01 -1.645005106925964355e+00 2.735543966293334961e+00
3.091893672943115234e+00 2.114956378936767578e+00 -4.572585582733154297e+00 4.285379409790039062e+00
1.548147201538085938e+00 7.602322101593017578e-01 -1.055723071098327637e+00 3.126573085784912109e+00
1.360135912895202637e+00 1.121278166770935059e+00 -2.806182861328125000e+00 3.181780576705932617e+00
2.041165113449096680e+00 2.741932153701782227e+00 -7.472206115722656250e+00 4.470457553863525391e+00
8.393983840942382812e-01 7.074297070503234863e-01 -1.435436129570007324e+00 2.424425601959228516e+00
3.961741447448730469e+00 4.111028194427490234e+00 -1.408793735504150391e+01 5.007241249084472656e+00
5.696954131126403809e-01 4.725774824619293213e-01 -1.873025536537170410e+00 2.052157402038574219e+00
7.915413975715637207e-01 8.609082102775573730e-01 -2.548174381256103516e+00 2.669463634490966797e+00
5.419387817382812500e-01 5.414109230041503906e-01 -1.831434845924377441e+00 2.417715311050415039e+00
5.143353343009948730e-01 5.732789039611816406e-01 -2.557953834533691406e+00 2.251886606216430664e+00
4.507948875427246094e+00 4.227751255035400391e+00 -1.326741695404052734e+01 5.056379795074462891e+00
6.199897527694702148e-01 4.711647927761077881e-01 -1.125922203063964844e+00 2.081286907196044922e+00
5.731958150863647461e-01 5.294787287712097168e-01 -1.711298227310180664e+00 2.188580036163330078e+00
1.370571613311767578e+00 1.321789026260375977e+00 -3.462250709533691406e+00 3.344051361083984375e+00
7.878857254981994629e-01 6.288532018661499023e-01 -1.176380991935729980e+00 2.371958017349243164e+00
1.442378997802734375e+00 1.582786917686462402e+00 -5.008636951446533203e+00 3.874273061752319336e+00
3.061207056045532227e+00 2.406684875488281250e+00 -6.592701435089111328e+00 4.383050918579101562e+00
7.953625321388244629e-01 9.367377758026123047e-01 -3.145703554153442383e+00 2.786678314208984375e+00
5.739018321037292480e-01 9.208462238311767578e-01 -3.632449865341186523e+00 2.583924055099487305e+00
1.258082032203674316e+00 1.244757294654846191e+00 -4.602696418762207031e+00 3.569903373718261719e+00
2.499900102615356445e+00 2.657842159271240234e+00 -8.445234298706054688e+00 4.336336135864257812e+00
7.524354457855224609e-01 6.204586625099182129e-01 -2.333186864852905273e+00 2.734398365020751953e+00
7.752901911735534668e-01 1.045829415321350098e+00 -3.317751169204711914e+00 2.833371400833129883e+00
7.401197552680969238e-01 6.479080319404602051e-01 -1.618797421455383301e+00 2.300987482070922852e+00
8.643701076507568359e-01 9.142006039619445801e-01 -2.230562448501586914e+00 2.843741655349731445e+00
3.546413481235504150e-01 2.694975435733795166e-01 -4.609344601631164551e-01 1.694492340087890625e+00
2.761451005935668945e-01 6.195694953203201294e-02 3.470951318740844727e-01 1.237811923027038574e+00
7.704130411148071289e-01 -1.853748798370361328e+00 4.467360496520996094e+00 3.129685640335083008e+00
8.646862506866455078e-01 8.006266355514526367e-01 -2.629365444183349609e+00 2.873387098312377930e+00
1.418962717056274414e+00 -2.629558086395263672e+00 5.291051387786865234e+00 3.633022069931030273e+00
1.437156200408935547e+00 -8.746889829635620117e-01 2.868500232696533203e+00 3.833126068115234375e+00
8.381385803222656250e-01 -2.420691728591918945e+00 7.643573760986328125e+00 4.439892768859863281e+00
3.318850994110107422e+00 3.312561511993408203e+00 -1.091567611694335938e+01 4.848098278045654297e+00
3.170585155487060547e+00 2.039687633514404297e+00 -4.050714969635009766e+00 4.645824432373046875e+00
1.231896877288818359e+00 1.763368010520935059e+00 -7.212374210357666016e+00 3.743627071380615234e+00
1.209900498390197754e+00 7.932957410812377930e-01 -1.912572026252746582e+00 2.924571990966796875e+00
1.890954375267028809e+00 2.158237695693969727e+00 -6.562733173370361328e+00 4.027015209197998047e+00
4.389170646667480469e+00 3.627176284790039062e+00 -1.487373256683349609e+01 5.724749565124511719e+00
9.019954204559326172e-01 3.481898009777069092e-01 -3.824121952056884766e+00 2.800031900405883789e+00
7.442365884780883789e-01 1.314858555793762207e+00 -5.309908390045166016e+00 2.880704164505004883e+00
1.944496631622314453e+00 1.513679146766662598e+00 -4.154990673065185547e+00 3.717508792877197266e+00
1.805459737777709961e+00 1.384220361709594727e+00 -4.492375850677490234e+00 3.898634195327758789e+00
3.494735062122344971e-01 5.191103219985961914e-01 -1.971366405487060547e+00 1.738967657089233398e+00
3.118503332138061523e+00 2.110434532165527344e+00 -4.368952751159667969e+00 4.430682182312011719e+00
1.411083817481994629e+00 1.470711112022399902e+00 -4.639197826385498047e+00 3.898385047912597656e+00
2.773261785507202148e+00 2.649787664413452148e+00 -8.832643508911132812e+00 4.274357318878173828e+00
1.812668919563293457e+00 1.476749181747436523e+00 -3.041794061660766602e+00 3.479181766510009766e+00
1.928840994834899902e+00 1.946160554885864258e+00 -7.713766574859619141e+00 3.881822824478149414e+00
2.078076601028442383e+00 1.537390112876892090e+00 -8.897018432617187500e+00 4.534109592437744141e+00
1.779356956481933594e+00 1.233935594558715820e+00 -3.638418436050415039e+00 3.875874042510986328e+00
1.035028457641601562e+00 4.273048937320709229e-01 -1.279822349548339844e+00 3.318844079971313477e+00
1.014189481735229492e+00 1.505581498146057129e+00 -4.993278026580810547e+00 3.245727539062500000e+00
3.995296657085418701e-01 5.021902918815612793e-01 -1.483717560768127441e+00 1.837118029594421387e+00
1.666339874267578125e+00 4.882439672946929932e-01 -1.051698803901672363e+00 3.167519330978393555e+00
1.594858050346374512e+00 1.161448478698730469e+00 -5.012533187866210938e+00 4.202220439910888672e+00
5.732998847961425781e-01 7.262100577354431152e-01 -2.348146677017211914e+00 2.439690828323364258e+00
2.027992010116577148e+00 9.107728004455566406e-01 -1.647027373313903809e+00 3.505060195922851562e+00
1.695738792419433594e+00 1.610145688056945801e+00 -4.294796466827392578e+00 3.630108118057250977e+00
5.128857493400573730e-01 3.737191855907440186e-01 -1.485882878303527832e+00 1.869570970535278320e+00
7.767571806907653809e-01 5.296809673309326172e-01 -5.374487638473510742e-01 2.408049345016479492e+00
1.376239299774169922e+00 9.861648082733154297e-01 -2.454038619995117188e+00 3.309249401092529297e+00
1.647035241127014160e+00 1.585947036743164062e+00 -3.756163835525512695e+00 3.703700304031372070e+00
8.346682786941528320e-01 1.348445057868957520e+00 -4.414461135864257812e+00 2.995050430297851562e+00
1.135434985160827637e+00 8.001620173454284668e-01 -1.294270753860473633e+00 2.892374753952026367e+00
8.049526214599609375e-01 6.920415163040161133e-01 -1.169242024421691895e+00 2.485743284225463867e+00
9.206672906875610352e-01 1.044439792633056641e+00 -3.109164237976074219e+00 3.234534263610839844e+00
8.808685541152954102e-01 5.497520565986633301e-01 -1.206555962562561035e+00 2.777403831481933594e+00
7.311160564422607422e-01 7.583827376365661621e-01 -2.223465442657470703e+00 2.539941072463989258e+00
7.851663827896118164e-01 1.045691013336181641e+00 -3.729079008102416992e+00 3.115502595901489258e+00
9.986611008644104004e-01 1.356498599052429199e+00 -4.259628772735595703e+00 3.021658897399902344e+00
7.359364032745361328e-01 8.171553611755371094e-01 -1.990396142005920410e+00 2.549009561538696289e+00
5.139154195785522461e-01 5.790038704872131348e-01 -1.392811179161071777e+00 1.906303048133850098e+00
4.319649040699005127e-01 7.472854256629943848e-01 -2.789200067520141602e+00 2.264577150344848633e+00
3.814838409423828125e+00 -3.399518430233001709e-01 5.097445964813232422e+00 5.726611137390136719e+00
5.136505603790283203e+00 -2.050763607025146484e+00 2.859710931777954102e+00 5.893669605255126953e+00
2.339595794677734375e+00 4.197548925876617432e-01 1.170324563980102539e+00 4.656005382537841797e+00
1.744945645332336426e+00 6.051483154296875000e-01 -2.903742313385009766e+00 4.282774448394775391e+00
1.839026689529418945e+00 1.486669540405273438e+00 -3.249840021133422852e+00 3.585716009140014648e+00
2.314005613327026367e+00 7.098298072814941406e-01 1.174333453178405762e+00 4.096263408660888672e+00
1.167117476463317871e+00 9.714995026588439941e-01 -2.751986742019653320e+00 3.280383110046386719e+00
-3.334327936172485352e-01 -2.887680292129516602e+00 8.231566429138183594e+00 3.506312370300292969e+00
2.908294439315795898e+00 1.502288937568664551e+00 -2.300577640533447266e+00 4.469374179840087891e+00
1.879644155502319336e+00 -1.356031537055969238e+00 2.791845321655273438e+00 4.239878654479980469e+00
2.826374053955078125e+00 2.387547016143798828e+00 -5.932484149932861328e+00 5.434877395629882812e+00
1.328030109405517578e+00 1.156191706657409668e+00 -2.902026891708374023e+00 3.117187976837158203e+00
9.642729759216308594e-01 2.471791058778762817e-01 3.812131583690643311e-01 2.727297067642211914e+00
5.399161338806152344e+00 4.525640487670898438e+00 -1.488189697265625000e+01 5.372318744659423828e+00
1.417166113853454590e+00 6.830040216445922852e-01 -9.126347899436950684e-01 3.539388656616210938e+00
5.155918598175048828e-01 5.077684521675109863e-01 -1.147593617439270020e+00 1.754189729690551758e+00
2.675933599472045898e+00 1.136078000068664551e+00 -7.802987694740295410e-01 4.526713371276855469e+00
1.315586566925048828e+00 4.380796253681182861e-01 4.758347272872924805e-01 3.391042232513427734e+00
1.204302549362182617e+00 1.784277915954589844e+00 -6.401056289672851562e+00 3.570618629455566406e+00
7.783434391021728516e-01 4.079661667346954346e-01 -5.965691804885864258e-01 2.260009527206420898e+00
5.870806574821472168e-01 8.535866141319274902e-01 -2.586594104766845703e+00 2.093464612960815430e+00
7.681719064712524414e-01 5.346354842185974121e-01 -1.092996835708618164e+00 2.254629135131835938e+00
7.425628304481506348e-01 -5.717724561691284180e-01 -5.538060665130615234e-01 2.241501092910766602e+00
1.508334636688232422e+00 4.899142682552337646e-01 -1.797936081886291504e+00 3.873006105422973633e+00
2.904623985290527344e+00 2.967487573623657227e+00 -1.123370075225830078e+01 4.553081512451171875e+00
9.155068397521972656e-01 9.140002131462097168e-01 -2.985154390335083008e+00 2.628055334091186523e+00
1.506791472434997559e+00 1.501052737236022949e+00 -4.195434093475341797e+00 3.600321769714355469e+00
8.232404589653015137e-01 1.056899666786193848e+00 -4.628220558166503906e+00 3.172158241271972656e+00
1.031683921813964844e+00 6.929123401641845703e-01 -9.255093336105346680e-01 2.424676895141601562e+00
1.237096786499023438e+00 1.096430182456970215e+00 -2.396224498748779297e+00 3.363809823989868164e+00
6.535183191299438477e-01 7.019262909889221191e-01 -1.965271234512329102e+00 2.256258487701416016e+00
1.957023382186889648e+00 1.963864684104919434e+00 -5.510068893432617188e+00 3.810337305068969727e+00
1.836429834365844727e+00 1.600562691688537598e+00 -4.545176506042480469e+00 3.622801542282104492e+00
1.021410703659057617e+00 8.231830596923828125e-01 -2.184180974960327148e+00 3.406391620635986328e+00
9.352645277976989746e-01 9.361233115196228027e-01 -2.413784503936767578e+00 2.668603658676147461e+00
1.423123478889465332e+00 1.259424567222595215e+00 -3.006359100341796875e+00 3.717673063278198242e+00
4.229797720909118652e-01 4.879529476165771484e-01 -1.254033088684082031e+00 1.684471249580383301e+00
2.834939956665039062e-01 4.707481265068054199e-01 -7.731102705001831055e-01 9.861211776733398438e-01
5.250059366226196289e-01 2.576199471950531006e-01 -2.297511398792266846e-01 1.639819145202636719e+00
2.822932302951812744e-01 4.081463813781738281e-01 -1.232988357543945312e+00 1.821794033050537109e+00
4.727741479873657227e-01 4.099413752555847168e-01 -6.492062807083129883e-01 1.752577424049377441e+00
5.865644812583923340e-01 4.738738536834716797e-01 -1.544443726539611816e+00 2.505737543106079102e+00
7.338646054267883301e-01 2.930108904838562012e-01 2.570287287235260010e-01 1.849634051322937012e+00
1.439819574356079102e+00 1.366798162460327148e+00 -4.114693641662597656e+00 3.587825536727905273e+00
9.255384802818298340e-01 9.995082616806030273e-01 -2.640318393707275391e+00 2.964383602142333984e+00
5.205623507499694824e-01 3.579207062721252441e-01 -3.606174588203430176e-01 1.904610157012939453e+00
3.368071794509887695e+00 -3.679425477981567383e+00 5.055869102478027344e+00 5.561781883239746094e+00
2.008077859878540039e+00 2.024950683116912842e-01 -2.748027801513671875e+00 4.523249626159667969e+00
1.088023781776428223e+00 8.676577806472778320e-01 -2.127794981002807617e+00 2.939923763275146484e+00
3.739928245544433594e+00 2.711964130401611328e+00 -8.118581771850585938e+00 5.161296367645263672e+00
8.245456218719482422e-01 5.599284172058105469e-01 -9.852931499481201172e-01 2.634242773056030273e+00
6.508383750915527344e-01 7.170554399490356445e-01 -2.046064853668212891e+00 2.355486631393432617e+00
1.176599979400634766e+00 -1.863214969635009766e-01 -1.103481173515319824e+00 3.126169204711914062e+00
1.508491158485412598e+00 4.084255993366241455e-01 -1.023785352706909180e+00 4.067823410034179688e+00
1.002637386322021484e+00 7.191633582115173340e-01 -1.296851992607116699e+00 2.494809389114379883e+00
8.367112874984741211e-01 8.836617320775985718e-02 -1.352751970291137695e+00 2.933160066604614258e+00
1.860048294067382812e+00 5.276044607162475586e-01 8.570184558629989624e-02 4.035845279693603516e+00
9.972313046455383301e-01 7.390896081924438477e-01 -2.688082456588745117e+00 2.992388725280761719e+00
1.250294089317321777e+00 9.227671623229980469e-01 -2.809422492980957031e+00 3.524814128875732422e+00
4.569404125213623047e+00 2.666153430938720703e+00 -7.390001296997070312e+00 5.478239059448242188e+00
8.261418938636779785e-01 8.012238144874572754e-01 -1.909877777099609375e+00 2.758389711380004883e+00
2.608428955078125000e+00 2.294313907623291016e+00 -7.351281642913818359e+00 4.481565952301025391e+00
7.239614725112915039e-01 5.313348770141601562e-01 -9.913784265518188477e-01 2.616224527359008789e+00
4.670704364776611328e+00 4.332771301269531250e+00 -1.441540431976318359e+01 5.183295249938964844e+00
8.143197298049926758e-01 7.038215398788452148e-01 -2.987851858139038086e+00 2.796073913574218750e+00
1.066394090652465820e+00 1.773618161678314209e-01 4.496177136898040771e-01 2.604353904724121094e+00
1.427469730377197266e+00 1.542270898818969727e+00 -5.058709144592285156e+00 3.724972248077392578e+00
2.373114824295043945e+00 2.499697446823120117e+00 -9.904818534851074219e+00 4.585408687591552734e+00
7.053311467170715332e-01 7.151598930358886719e-01 -2.247053861618041992e+00 2.265023231506347656e+00
9.384216070175170898e-01 1.031348109245300293e+00 -3.521151781082153320e+00 2.860008001327514648e+00
2.375552654266357422e+00 2.032952308654785156e+00 -5.830643177032470703e+00 4.146529674530029297e+00
1.290131688117980957e+00 1.912487626075744629e+00 -8.449450492858886719e+00 3.875209093093872070e+00
1.116898417472839355e+00 9.412245154380798340e-01 -2.751412391662597656e+00 2.866232395172119141e+00
1.019693732261657715e+00 1.054376721382141113e+00 -4.421205520629882812e+00 3.038575172424316406e+00
1.506166458129882812e+00 1.199214220046997070e+00 -3.097218036651611328e+00 3.336139678955078125e+00
7.684431672096252441e-01 5.225255489349365234e-01 -8.748465776443481445e-01 2.735376596450805664e+00
1.751674294471740723e+00 1.273126482963562012e+00 -3.923354625701904297e+00 3.560836315155029297e+00
4.416669309139251709e-01 9.485955238342285156e-01 -3.548062324523925781e+00 2.281304597854614258e+00
7.684532999992370605e-01 5.774621367454528809e-01 -7.633643150329589844e-01 2.215382099151611328e+00
9.722306132316589355e-01 5.110022425651550293e-01 -1.162404656410217285e+00 3.043990373611450195e+00
4.952327609062194824e-01 3.628337383270263672e-01 -1.116361498832702637e+00 2.018146276473999023e+00
1.126533508300781250e+00 9.488224387168884277e-01 -3.795902967453002930e+00 3.435798645019531250e+00
6.814860105514526367e-01 5.586895346641540527e-01 -1.544663190841674805e+00 2.292922019958496094e+00
6.865597963333129883e-01 6.934707164764404297e-01 -1.778885722160339355e+00 2.401390552520751953e+00
7.126470208168029785e-01 4.859200417995452881e-01 -7.157193422317504883e-01 2.146039247512817383e+00
9.278193712234497070e-01 1.232723712921142578e+00 -3.874946594238281250e+00 2.865724802017211914e+00
3.029756069183349609e+00 2.109830141067504883e+00 -4.674435615539550781e+00 4.381886959075927734e+00
1.073564529418945312e+00 8.589079976081848145e-01 -1.546588301658630371e+00 2.933041095733642578e+00
8.205946683883666992e-01 6.351330876350402832e-01 -9.353215694427490234e-01 2.255664587020874023e+00
3.296298682689666748e-01 4.143700301647186279e-01 -1.328906178474426270e+00 1.870522141456604004e+00
5.793985724449157715e-01 1.302514553070068359e+00 -4.286586284637451172e+00 3.126009225845336914e+00
2.056715339422225952e-01 6.106631755828857422e-01 -2.128571271896362305e+00 1.491836547851562500e+00
2.527458190917968750e+00 -2.199782371520996094e+00 6.740136146545410156e+00 4.786404609680175781e+00
3.728673934936523438e+00 -1.313238859176635742e+00 -4.359381198883056641e-01 5.884601593017578125e+00
2.137329578399658203e+00 1.484279751777648926e+00 -2.626485347747802734e+00 3.785763740539550781e+00
1.096764445304870605e+00 -3.506135940551757812e+00 8.590302467346191406e+00 4.049676418304443359e+00
8.811125159263610840e-01 5.463216304779052734e-01 -1.155972599983215332e+00 2.737240552902221680e+00
8.296149373054504395e-01 4.351505935192108154e-01 -8.510045409202575684e-01 2.521228075027465820e+00
1.069489955902099609e+00 -3.271333277225494385e-01 1.230974793434143066e+00 3.371372699737548828e+00
6.267795085906982422e+00 4.266986846923828125e+00 -1.583151626586914062e+01 5.662978172302246094e+00
4.284540176391601562e+00 3.503283262252807617e+00 -9.680041313171386719e+00 4.905216217041015625e+00
1.366122364997863770e+00 2.437094151973724365e-01 2.357951879501342773e+00 3.600495815277099609e+00
1.138102293014526367e+00 9.716147780418395996e-01 -2.116134643554687500e+00 2.966450214385986328e+00
1.529060244560241699e+00 -5.393840074539184570e-01 -1.875267773866653442e-01 3.778469800949096680e+00
1.533497452735900879e+00 1.730603128671646118e-01 -6.467576026916503906e-01 3.265454769134521484e+00
1.441976666450500488e+00 3.263971209526062012e-01 4.783855974674224854e-01 2.889869213104248047e+00
1.229886174201965332e+00 9.803148508071899414e-01 -1.817100167274475098e+00 3.035144329071044922e+00
9.492740631103515625e-01 4.826960861682891846e-01 -3.202740848064422607e-02 3.022757530212402344e+00
1.024460673332214355e+00 6.043887734413146973e-01 -1.080641269683837891e+00 3.031630039215087891e+00
5.610165596008300781e-01 4.873199760913848877e-01 -1.203169941902160645e+00 1.625174045562744141e+00
1.420741796493530273e+00 1.133057951927185059e+00 -3.582738637924194336e+00 3.383235692977905273e+00
1.013806700706481934e+00 1.546950697898864746e+00 -7.279670238494873047e+00 3.680781364440917969e+00
9.346143007278442383e-01 7.996547818183898926e-01 -6.159068346023559570e-01 3.237266540527343750e+00
1.710677146911621094e+00 5.070217251777648926e-01 9.885050356388092041e-02 3.492589950561523438e+00
1.181214928627014160e+00 7.973550558090209961e-01 -1.195438504219055176e+00 3.548907041549682617e+00
2.526161670684814453e+00 2.336392402648925781e+00 -1.197297763824462891e+01 5.041709899902343750e+00
3.588266670703887939e-01 6.439036130905151367e-01 -1.995610475540161133e+00 1.489988923072814941e+00
2.640121459960937500e+00 2.972470283508300781e+00 -9.564616203308105469e+00 5.194817543029785156e+00
4.203175604343414307e-01 6.868249177932739258e-01 -2.180447340011596680e+00 2.076244354248046875e+00
2.353702545166015625e+00 1.812530755996704102e-01 3.919628858566284180e+00 5.145070075988769531e+00
1.067707896232604980e+00 7.849841713905334473e-01 -2.176556110382080078e+00 3.543063402175903320e+00
1.114412784576416016e+00 1.159325122833251953e+00 -4.755403995513916016e+00 2.970315217971801758e+00
1.062142729759216309e+00 8.524042367935180664e-01 -2.871976613998413086e+00 2.870464801788330078e+00
8.340573310852050781e-01 8.778494596481323242e-01 -2.656586885452270508e+00 2.835996627807617188e+00
7.905954122543334961e-01 6.532645821571350098e-01 -1.073629975318908691e+00 2.837397813796997070e+00
7.183037996292114258e-01 9.610279798507690430e-01 -3.097819566726684570e+00 2.659625530242919922e+00
1.206536531448364258e+00 1.092637538909912109e+00 -1.595141649246215820e+00 3.970725297927856445e+00
1.217730998992919922e+00 1.304039001464843750e+00 -4.925273895263671875e+00 3.478769063949584961e+00
7.569231986999511719e-01 1.128748536109924316e+00 -4.204456329345703125e+00 2.967404842376708984e+00
5.705277323722839355e-01 3.763112127780914307e-01 -3.757640421390533447e-01 2.246836185455322266e+00
8.179383873939514160e-01 6.293259263038635254e-01 -1.440613865852355957e+00 2.634761810302734375e+00
1.050764203071594238e+00 1.011984944343566895e+00 -2.452930688858032227e+00 2.958252906799316406e+00
4.278853237628936768e-01 3.889088332653045654e-01 -8.972451686859130859e-01 1.793828129768371582e+00
2.874352633953094482e-01 8.459929823875427246e-01 -3.601559162139892578e+00 2.359824180603027344e+00
6.122862696647644043e-01 3.969836831092834473e-01 -9.337747097015380859e-02 2.464373350143432617e+00
1.068725347518920898e+00 8.075048923492431641e-01 -2.194086074829101562e+00 2.944254875183105469e+00
3.867377638816833496e-01 4.181002080440521240e-01 -1.105193257331848145e+00 1.915972948074340820e+00
3.668653070926666260e-01 2.320093810558319092e-01 -1.052476018667221069e-01 1.686126589775085449e+00
3.159245491027832031e+00 -2.535686016082763672e+00 4.931107044219970703e+00 4.937856674194335938e+00
1.581626057624816895e+00 -6.791971683502197266e+00 1.200997638702392578e+01 4.219707489013671875e+00
5.811822414398193359e-01 -3.400548696517944336e+00 6.338471889495849609e+00 2.822108030319213867e+00
1.447730183601379395e+00 3.246479928493499756e-01 6.628092527389526367e-01 4.073167800903320312e+00
2.549267530441284180e+00 1.639234662055969238e+00 -5.453972816467285156e+00 5.020827770233154297e+00
4.681289196014404297e+00 -2.479733824729919434e-01 -4.978857517242431641e+00 5.747110366821289062e+00
8.172364234924316406e-01 8.574866652488708496e-01 -2.581600666046142578e+00 2.420976877212524414e+00
5.577417612075805664e-01 4.852133691310882568e-01 -3.594132959842681885e-01 1.522286772727966309e+00
2.020361900329589844e+00 1.540074825286865234e+00 -2.840988159179687500e+00 3.686713457107543945e+00
1.604152321815490723e+00 2.251272201538085938e+00 -1.408111095428466797e+01 4.386742115020751953e+00
1.242169022560119629e+00 5.624302029609680176e-01 -3.813197851181030273e+00 2.777878046035766602e+00
1.238231062889099121e+00 -7.654156684875488281e-01 3.138136625289916992e+00 3.816451787948608398e+00
1.001413702964782715e+00 9.829548597335815430e-01 -3.352593183517456055e+00 2.883768081665039062e+00
5.808499336242675781e+00 2.235644817352294922e+00 -9.756789207458496094e+00 5.558671951293945312e+00
1.349880099296569824e+00 1.166925907135009766e+00 -3.406596183776855469e+00 3.218641042709350586e+00
2.154591560363769531e+00 1.581187367439270020e+00 -3.503034353256225586e+00 4.342429161071777344e+00
2.270648002624511719e+00 3.540097177028656006e-01 -2.233697175979614258e+00 3.830626964569091797e+00
8.708092570304870605e-01 7.308341860771179199e-01 -1.394540190696716309e+00 2.393100023269653320e+00
1.075310468673706055e+00 7.829606533050537109e-01 -4.133068561553955078e+00 3.194752216339111328e+00
7.113836407661437988e-01 5.568233728408813477e-01 -1.140670418739318848e+00 2.281993627548217773e+00
5.615209341049194336e-01 3.635166287422180176e-01 -9.414864182472229004e-01 1.986644506454467773e+00
3.829106986522674561e-01 7.458791732788085938e-01 -3.102923393249511719e+00 2.195394754409790039e+00
2.636053800582885742e+00 1.148283958435058594e+00 -5.843255996704101562e+00 5.020437240600585938e+00
6.924706101417541504e-01 5.903415679931640625e-01 -9.573750495910644531e-01 2.566896677017211914e+00
5.475533604621887207e-01 5.751973390579223633e-01 -1.315268158912658691e+00 2.121859788894653320e+00
6.149260997772216797e-01 4.563019573688507080e-01 -1.122308015823364258e+00 2.254342555999755859e+00
1.490813136100769043e+00 9.488427042961120605e-01 -2.805171251296997070e+00 3.383436441421508789e+00
1.329906225204467773e+00 8.205177187919616699e-01 -3.200000286102294922e+00 3.285985946655273438e+00
2.194735288619995117e+00 8.174185752868652344e-01 -6.892333030700683594e+00 4.850512981414794922e+00
6.044521927833557129e-01 4.494216740131378174e-01 -1.579089045524597168e+00 2.166981697082519531e+00
7.003682851791381836e-01 6.860380172729492188e-01 -2.456461429595947266e+00 2.988213777542114258e+00
1.027216434478759766e+00 1.963303565979003906e+00 -8.331844329833984375e+00 3.728529691696166992e+00
9.856868386268615723e-01 8.157162666320800781e-01 -1.599681854248046875e+00 2.611028671264648438e+00
9.094442129135131836e-01 9.704191088676452637e-01 -2.655091285705566406e+00 2.807148933410644531e+00
9.761737585067749023e-01 8.811340928077697754e-01 -2.257250785827636719e+00 2.774232387542724609e+00
7.878696322441101074e-01 5.860522389411926270e-01 -9.441258907318115234e-01 2.315744400024414062e+00
4.354918003082275391e-01 3.710920214653015137e-01 -3.993228971958160400e-01 1.359391212463378906e+00
3.793903887271881104e-01 6.283954381942749023e-01 -2.335291385650634766e+00 2.339883565902709961e+00
7.041912078857421875e-01 7.998991012573242188e-01 -2.536026477813720703e+00 2.824341058731079102e+00
1.419038295745849609e+00 1.306924104690551758e+00 -2.893545866012573242e+00 3.590455055236816406e+00
5.002992749214172363e-01 4.191796183586120605e-01 -7.060811519622802734e-01 1.675286769866943359e+00
2.285720109939575195e+00 1.603076815605163574e+00 -3.935748815536499023e+00 4.044972419738769531e+00
8.162959814071655273e-01 8.662689328193664551e-01 -2.370541572570800781e+00 2.653382062911987305e+00
9.865568280220031738e-01 7.816725373268127441e-01 -1.972679138183593750e+00 2.730090379714965820e+00
4.669127762317657471e-01 9.507582187652587891e-01 -3.749556779861450195e+00 2.527088403701782227e+00
6.270967125892639160e-01 8.471332788467407227e-01 -2.283717393875122070e+00 2.451503038406372070e+00
2.274095058441162109e+00 -4.661489963531494141e+00 9.404862403869628906e+00 4.532151699066162109e+00
9.516009092330932617e-01 -2.844232559204101562e+00 5.035686016082763672e+00 3.020090579986572266e+00
1.088874936103820801e+00 4.631647765636444092e-01 -1.809768199920654297e+00 2.859591960906982422e+00
1.767800211906433105e+00 1.440046668052673340e+00 -3.614116430282592773e+00 3.540213823318481445e+00
1.433400273323059082e+00 -1.756473183631896973e+00 4.007268428802490234e+00 3.788074493408203125e+00
5.276321411132812500e+00 3.904653310775756836e+00 -1.241612720489501953e+01 5.315131664276123047e+00
1.223090291023254395e+00 9.574977159500122070e-01 -1.969742774963378906e+00 2.937870025634765625e+00
2.177680015563964844e+00 1.584710836410522461e+00 -3.146855115890502930e+00 3.705779075622558594e+00
1.092524409294128418e+00 5.246549248695373535e-01 -2.465854883193969727e+00 2.986430644989013672e+00
9.342002272605895996e-01 2.564829587936401367e+00 -1.241686153411865234e+01 3.736310958862304688e+00
1.881154775619506836e+00 2.306331992149353027e-01 3.628412187099456787e-01 3.594475030899047852e+00
2.032006502151489258e+00 1.845834970474243164e+00 -5.679206848144531250e+00 3.960103034973144531e+00
1.926656365394592285e+00 1.950785636901855469e+00 -5.825044155120849609e+00 4.053604125976562500e+00
7.736048698425292969e-01 9.934624433517456055e-01 -3.880906105041503906e+00 2.938529014587402344e+00
3.306521654129028320e+00 2.472854375839233398e+00 -5.092304229736328125e+00 4.700241088867187500e+00
1.645011305809020996e+00 -9.043271839618682861e-02 -4.973172545433044434e-01 3.766297101974487305e+00
1.589249968528747559e+00 1.266691207885742188e+00 -3.742994546890258789e+00 3.899366855621337891e+00
2.861948013305664062e+00 2.585625648498535156e+00 -6.348394870758056641e+00 5.078773021697998047e+00
1.575721502304077148e+00 1.544726490974426270e+00 -4.372917175292968750e+00 3.472999334335327148e+00
9.419485926628112793e-01 3.761179447174072266e-01 -2.044853381812572479e-02 2.706493377685546875e+00
8.248719573020935059e-01 4.765836596488952637e-01 -3.864221572875976562e-01 2.173137903213500977e+00
6.401296854019165039e-01 9.090834259986877441e-01 -2.435908555984497070e+00 2.096115589141845703e+00
7.938032746315002441e-01 9.904945492744445801e-01 -4.287451744079589844e+00 2.907655000686645508e+00
1.134945988655090332e+00 1.304228305816650391e+00 -4.246428012847900391e+00 3.104397773742675781e+00
1.856595039367675781e+00 9.331597685813903809e-01 -1.794783920049667358e-01 4.130333423614501953e+00
6.140863299369812012e-01 6.010014414787292480e-01 -2.074424028396606445e+00 2.510201692581176758e+00
6.792516112327575684e-01 5.305141806602478027e-01 -1.595723390579223633e+00 2.345753192901611328e+00
2.064403772354125977e+00 1.588653326034545898e+00 -2.785885572433471680e+00 4.113732337951660156e+00
7.872433662414550781e-01 6.101750135421752930e-01 -1.234431505203247070e+00 2.269804477691650391e+00
1.353379964828491211e+00 1.346664309501647949e+00 -3.599924087524414062e+00 3.319203138351440430e+00
2.914527416229248047e+00 2.059551954269409180e+00 -2.698182821273803711e+00 4.596133708953857422e+00
1.453757524490356445e+00 1.303624391555786133e+00 -3.876754760742187500e+00 4.108069419860839844e+00
5.818284153938293457e-01 6.118515133857727051e-01 -1.618224740028381348e+00 2.053424835205078125e+00
1.351671457290649414e+00 1.413699507713317871e+00 -4.891728401184082031e+00 3.423219203948974609e+00
8.424265980720520020e-01 7.350280880928039551e-01 -1.175883531570434570e+00 2.334331512451171875e+00
1.217847347259521484e+00 1.156848907470703125e+00 -3.624483108520507812e+00 3.142949342727661133e+00
1.130582094192504883e+00 7.075621485710144043e-01 -1.365672349929809570e+00 2.991032123565673828e+00
7.639803886413574219e-01 5.544380545616149902e-01 -9.922143220901489258e-01 2.447198390960693359e+00
7.789208889007568359e-01 7.215051651000976562e-01 -1.739575266838073730e+00 2.344204425811767578e+00
4.794199466705322266e-01 2.150101065635681152e-01 2.119144350290298462e-01 1.339253783226013184e+00
4.686093926429748535e-01 6.714494824409484863e-01 -3.056005239486694336e+00 2.236399650573730469e+00
6.977937817573547363e-01 3.214119672775268555e-01 -1.691123843193054199e-01 2.906487464904785156e+00
6.910943388938903809e-01 1.051256537437438965e+00 -3.956509351730346680e+00 2.986823320388793945e+00
2.618640184402465820e+00 2.233402013778686523e+00 -5.903237819671630859e+00 4.103061676025390625e+00
6.877675652503967285e-01 7.151700258255004883e-01 -2.664417028427124023e+00 2.728577852249145508e+00
1.733986020088195801e+00 7.594003081321716309e-01 -1.729029268026351929e-01 3.227677106857299805e+00
2.457000970840454102e+00 1.137706518173217773e+00 -3.554208874702453613e-01 3.981069326400756836e+00
1.032984852790832520e+00 -1.689437963068485260e-02 9.232814908027648926e-01 2.402287721633911133e+00
7.299444675445556641e-01 6.792819499969482422e-01 -1.583083748817443848e+00 2.428396701812744141e+00
1.163578867912292480e+00 1.208245277404785156e+00 -5.622560501098632812e+00 3.129192829132080078e+00
1.535520195960998535e+00 1.046156883239746094e+00 -1.745504617691040039e+00 3.163189411163330078e+00
1.992111802101135254e+00 -9.980068355798721313e-02 1.092602610588073730e+00 3.864465236663818359e+00
3.558735132217407227e+00 2.269452333450317383e+00 -1.044149589538574219e+01 5.731774806976318359e+00
2.469761133193969727e+00 2.109077453613281250e+00 -5.866684913635253906e+00 4.272956371307373047e+00
1.540955185890197754e+00 1.357146978378295898e+00 -5.792647361755371094e+00 3.848721742630004883e+00
1.663369059562683105e+00 9.475539326667785645e-01 -4.854779720306396484e+00 3.670462369918823242e+00
3.158634424209594727e+00 2.444008111953735352e+00 -6.247737884521484375e+00 4.394199848175048828e+00
7.043675184249877930e-01 5.540465116500854492e-01 -1.784562706947326660e+00 2.386078834533691406e+00
6.712048649787902832e-01 9.108541011810302734e-01 -4.973941802978515625e+00 2.341731309890747070e+00
2.073600769042968750e+00 1.239136680960655212e-01 -1.752704858779907227e+00 4.518417358398437500e+00
9.144951701164245605e-01 4.779566228389739990e-01 -1.514452576637268066e+00 2.803780317306518555e+00
7.732177376747131348e-01 1.043089270591735840e+00 -3.107257843017578125e+00 2.333269119262695312e+00
2.655722856521606445e+00 2.417478084564208984e+00 -6.968840599060058594e+00 4.209680080413818359e+00
2.225056409835815430e+00 1.175034761428833008e+00 -2.230373620986938477e+00 4.375231742858886719e+00
1.819354891777038574e+00 1.736826062202453613e+00 -5.678597450256347656e+00 3.781203031539916992e+00
4.163387298583984375e+00 4.297091484069824219e+00 -1.539624786376953125e+01 5.154365062713623047e+00
4.327341616153717041e-01 4.304899871349334717e-01 -7.884083390235900879e-01 1.613201141357421875e+00
2.215914011001586914e+00 1.888868093490600586e+00 -5.502572059631347656e+00 4.162627696990966797e+00
9.340221881866455078e-01 7.791599631309509277e-01 -1.606543898582458496e+00 2.583302021026611328e+00
3.823056817054748535e-01 3.915941417217254639e-01 -1.361558794975280762e+00 1.431606292724609375e+00
2.068493366241455078e+00 1.624942421913146973e+00 -7.553818225860595703e+00 3.965968370437622070e+00
3.731725454330444336e+00 2.035898447036743164e+00 -3.726423025131225586e+00 4.757673740386962891e+00
5.260553359985351562e-01 5.291275978088378906e-01 -1.250856876373291016e+00 2.061418056488037109e+00
1.059693336486816406e+00 8.338226675987243652e-01 -1.850646853446960449e+00 2.643064260482788086e+00
9.859445691108703613e-01 1.289619088172912598e+00 -4.761798858642578125e+00 3.163546323776245117e+00
6.934716105461120605e-01 1.535937905311584473e+00 -6.569876670837402344e+00 3.002728223800659180e+00
7.854478955268859863e-01 8.356814384460449219e-01 -2.053072452545166016e+00 2.747676610946655273e+00
7.148497104644775391e-01 7.499693632125854492e-01 -2.204142332077026367e+00 2.337902545928955078e+00
1.038002133369445801e+00 6.195604205131530762e-01 -1.109626650810241699e+00 2.961973667144775391e+00
1.329039216041564941e+00 4.973562657833099365e-01 -2.870387792587280273e+00 3.709418058395385742e+00
6.323349475860595703e-01 7.278072834014892578e-01 -2.174841642379760742e+00 2.346495151519775391e+00
2.864043116569519043e-01 3.815577626228332520e-01 -1.137367486953735352e+00 1.245597362518310547e+00
9.476464390754699707e-01 1.320494532585144043e+00 -4.589534759521484375e+00 3.047192096710205078e+00
1.103377461433410645e+00 1.038060307502746582e+00 -2.350004911422729492e+00 3.056118965148925781e+00
1.066439628601074219e+00 1.419427394866943359e+00 -4.609842777252197266e+00 3.134526014328002930e+00
9.438427686691284180e-01 7.365345954895019531e-01 -2.641911506652832031e+00 3.114758014678955078e+00
6.777792572975158691e-01 7.524792551994323730e-01 -1.642034649848937988e+00 2.927663087844848633e+00
6.966117024421691895e-01 5.196123719215393066e-01 -1.254395246505737305e+00 2.319149732589721680e+00
1.636989593505859375e+00 1.393919348716735840e+00 -3.265061378479003906e+00 3.425357103347778320e+00
5.840894579887390137e-01 5.962360501289367676e-01 -1.706535816192626953e+00 2.371404647827148438e+00
5.313321948051452637e-01 6.625890731811523438e-01 -2.372700452804565430e+00 2.853391408920288086e+00
5.782619714736938477e-01 2.304055690765380859e-01 1.869731545448303223e-01 1.722048282623291016e+00
7.211045622825622559e-01 -5.948112487792968750e+00 1.433143043518066406e+01 4.320196151733398438e+00
3.339447021484375000e+00 -6.285048007965087891e+00 1.454057312011718750e+01 5.014385700225830078e+00
2.119213104248046875e+00 -1.384564161300659180e+00 4.634390354156494141e+00 4.565613269805908203e+00
2.311026573181152344e+00 2.271110296249389648e+00 -6.843035697937011719e+00 4.443203449249267578e+00
3.782926082611083984e+00 1.467279791831970215e+00 -2.889969825744628906e+00 5.586381912231445312e+00
9.978505969047546387e-01 -8.849920630455017090e-01 4.346807479858398438e+00 3.869676351547241211e+00
8.497733473777770996e-01 4.137027263641357422e-01 -5.181062817573547363e-01 2.870885610580444336e+00
2.668789625167846680e+00 -1.731387257575988770e+00 7.092801332473754883e-01 5.243796825408935547e+00
1.354549646377563477e+00 5.104353278875350952e-02 -1.615861177444458008e+00 3.246066570281982422e+00
1.801915407180786133e+00 -2.062477827072143555e+00 4.836417198181152344e+00 4.457245349884033203e+00
5.687258720397949219e+00 4.701867580413818359e+00 -1.469534492492675781e+01 5.503122806549072266e+00
1.055754065513610840e+00 1.025467395782470703e+00 -3.118937492370605469e+00 3.215919494628906250e+00
9.418470859527587891e-01 4.279688596725463867e-01 -1.019767880439758301e+00 2.542896509170532227e+00
1.757830381393432617e+00 1.739006996154785156e+00 -6.121068477630615234e+00 3.704840898513793945e+00
1.324189782142639160e+00 1.046672344207763672e+00 -5.193349838256835938e+00 3.474922180175781250e+00
9.860317111015319824e-01 7.600328326225280762e-01 -1.395724296569824219e+00 2.710567474365234375e+00
6.439629793167114258e-01 4.417187869548797607e-01 -9.598785042762756348e-01 1.964372158050537109e+00
3.666819334030151367e-01 4.396118521690368652e-01 -1.586356282234191895e+00 1.425095915794372559e+00
1.948304325342178345e-01 3.628916144371032715e-01 -8.025834560394287109e-01 6.704199314117431641e-01
7.322683930397033691e-01 7.781347036361694336e-01 -2.134645700454711914e+00 2.520905017852783203e+00
1.297795534133911133e+00 9.390200376510620117e-01 -3.038326501846313477e+00 3.162449359893798828e+00
6.271408200263977051e-01 7.109713554382324219e-01 -2.389216184616088867e+00 2.009991168975830078e+00
7.623154520988464355e-01 7.137300968170166016e-01 -2.143110275268554688e+00 2.596907138824462891e+00
1.094323515892028809e+00 1.099033117294311523e+00 -3.786706924438476562e+00 3.370332717895507812e+00
6.752480864524841309e-01 4.818937778472900391e-01 -1.470484614372253418e+00 2.265159606933593750e+00
9.870489239692687988e-01 6.824826002120971680e-01 -1.543187856674194336e+00 2.758321046829223633e+00
9.650947451591491699e-01 7.408833503723144531e-01 -1.201049089431762695e+00 2.467909574508666992e+00
7.118815183639526367e-01 6.638932824134826660e-01 -1.802251100540161133e+00 2.761418581008911133e+00
6.520618200302124023e-01 3.318467363715171814e-02 -1.871231347322463989e-01 3.187539577484130859e+00
3.487824797630310059e-01 3.894653916358947754e-01 -1.135448336601257324e+00 1.667309880256652832e+00
6.571664214134216309e-01 7.078814506530761719e-01 -2.614966392517089844e+00 2.469466686248779297e+00
1.177420258522033691e+00 7.363054156303405762e-01 -1.340506911277770996e+00 3.234365701675415039e+00
1.074144005775451660e+00 1.067581176757812500e+00 -4.365930080413818359e+00 4.017485618591308594e+00
6.776134967803955078e-01 1.070059649646282196e-02 2.164258509874343872e-01 2.363079786300659180e+00
2.557076215744018555e-01 3.977324664592742920e-01 -1.164473414421081543e+00 1.093369483947753906e+00
8.139844536781311035e-01 2.966814339160919189e-01 1.232791244983673096e-01 2.150585174560546875e+00
1.174964070320129395e+00 1.047097802162170410e+00 -2.074137926101684570e+00 3.111532926559448242e+00
2.295110702514648438e+00 1.686372756958007812e+00 -3.425865173339843750e+00 3.799114465713500977e+00
9.154400825500488281e-01 1.001713514328002930e+00 -4.339274406433105469e+00 2.952636957168579102e+00
5.011202096939086914e-01 5.903333425521850586e-01 -2.312492132186889648e+00 1.939456820487976074e+00
9.347929954528808594e-01 5.020363926887512207e-01 -2.127274684607982635e-02 2.857030868530273438e+00
8.311536908149719238e-01 7.077552676200866699e-01 -2.058267116546630859e+00 2.713423967361450195e+00
5.318060517311096191e-01 6.043633818626403809e-01 -2.017113208770751953e+00 2.194148778915405273e+00
2.365250885486602783e-01 3.767702579498291016e-01 -1.113396286964416504e+00 1.268713831901550293e+00
4.903994500637054443e-01 5.614872574806213379e-01 -1.659508943557739258e+00 2.237558126449584961e+00
3.857147991657257080e-01 4.354541599750518799e-01 -8.650270104408264160e-01 1.459902524948120117e+00
1.792991876602172852e+00 -3.229972839355468750e+00 8.269627571105957031e+00 5.128345489501953125e+00
2.037195444107055664e+00 2.206581830978393555e+00 -1.254562950134277344e+01 4.415568351745605469e+00
8.295155763626098633e-01 1.498160958290100098e+00 -1.602685928344726562e+00 2.719242572784423828e+00
4.513668537139892578e+00 2.235255479812622070e+00 -6.420094013214111328e+00 5.445385932922363281e+00
3.382429838180541992e+00 -6.799413356930017471e-03 7.191876173019409180e-01 4.595571994781494141e+00
7.084801197052001953e-01 6.956416964530944824e-01 -1.764802455902099609e+00 1.967673301696777344e+00
1.590563535690307617e+00 1.503663301467895508e+00 -4.681724071502685547e+00 3.341206312179565430e+00
1.488293409347534180e+00 -5.197594165802001953e-01 8.713133931159973145e-01 3.907267093658447266e+00
5.170465469360351562e+00 4.891818523406982422e+00 -1.840632247924804688e+01 5.573577880859375000e+00
2.751993417739868164e+00 1.887878417968750000e+00 -5.566781520843505859e+00 4.157623767852783203e+00
7.434689998626708984e-01 1.182147264480590820e+00 -4.309405803680419922e+00 2.693306684494018555e+00
2.275302886962890625e+00 1.752757191658020020e+00 -6.167803764343261719e+00 4.144165039062500000e+00
4.333446323871612549e-01 5.728429555892944336e-01 -1.742499828338623047e+00 2.035231828689575195e+00
8.256138563156127930e-01 1.418967127799987793e+00 -6.515186309814453125e+00 3.263038873672485352e+00
8.716924786567687988e-01 6.473431587219238281e-01 -1.133107066154479980e+00 2.300143718719482422e+00
1.168464779853820801e+00 5.579162240028381348e-01 -1.791328549385070801e+00 2.966355323791503906e+00
7.411501407623291016e-01 5.784813165664672852e-01 -1.576061964035034180e+00 2.538094997406005859e+00
6.398661732673645020e-01 3.360364139080047607e-01 -3.546701908111572266e+00 2.246902227401733398e+00
7.141451239585876465e-01 6.136415004730224609e-01 -1.214997529983520508e+00 2.458357810974121094e+00
1.693663001060485840e+00 2.862293720245361328e+00 -1.339562416076660156e+01 4.319404125213623047e+00
9.434617161750793457e-01 5.226093530654907227e-01 -9.484279155731201172e-01 2.620078086853027344e+00
2.898276329040527344e+00 3.503064632415771484e+00 -1.380968952178955078e+01 4.589911460876464844e+00
3.528754472732543945e+00 3.040508747100830078e+00 -9.184465408325195312e+00 4.635390281677246094e+00
8.397186994552612305e-01 3.190389573574066162e-01 -1.732008814811706543e+00 3.115513086318969727e+00
3.062076568603515625e-01 5.114144086837768555e-01 -2.696467638015747070e+00 1.888722419738769531e+00
1.551699280738830566e+00 1.298872709274291992e+00 -3.766824245452880859e+00 3.456371545791625977e+00
1.912445425987243652e+00 2.145263910293579102e+00 -6.621683120727539062e+00 3.935164451599121094e+00
7.502949237823486328e-01 4.548569619655609131e-01 -4.270750582218170166e-01 2.030905485153198242e+00
2.395705938339233398e+00 2.242259025573730469e+00 -6.734125614166259766e+00 4.037755012512207031e+00
2.649640560150146484e+00 2.351480484008789062e+00 -6.870862483978271484e+00 4.270447731018066406e+00
1.343064665794372559e+00 1.528667926788330078e+00 -4.632268428802490234e+00 3.422782182693481445e+00
1.318739175796508789e+00 8.710548281669616699e-01 -2.897080183029174805e+00 3.949821710586547852e+00
7.904654145240783691e-01 1.086777091026306152e+00 -3.280591726303100586e+00 2.713138818740844727e+00
1.112534165382385254e+00 4.162441790103912354e-01 -9.298042058944702148e-01 3.045188426971435547e+00
6.383280754089355469e-01 5.650656223297119141e-01 -1.183545112609863281e+00 2.043292522430419922e+00
3.699212074279785156e+00 2.316833257675170898e+00 -6.266935348510742188e+00 4.730363368988037109e+00
6.244603991508483887e-01 4.255493879318237305e-01 -6.399762630462646484e-01 2.269686460494995117e+00
1.983852684497833252e-01 4.312734007835388184e-01 -1.688219666481018066e+00 9.649749994277954102e-01
3.575247764587402344e+00 3.766878366470336914e+00 -1.509689521789550781e+01 4.932888984680175781e+00
9.825415611267089844e-01 7.700361013412475586e-01 -2.193567276000976562e+00 2.679009199142456055e+00
6.906886696815490723e-01 8.317476511001586914e-01 -3.403426647186279297e+00 2.687466859817504883e+00
3.285380005836486816e-01 3.340664803981781006e-01 -7.625212073326110840e-01 1.418457984924316406e+00
3.566327393054962158e-01 4.517794847488403320e-01 -1.484113812446594238e+00 2.004841327667236328e+00
5.940907597541809082e-01 4.522629082202911377e-01 -1.082614064216613770e+00 2.182399272918701172e+00
9.731901288032531738e-01 1.012544035911560059e+00 -2.332140207290649414e+00 3.078113317489624023e+00
1.228439807891845703e+00 1.956838846206665039e+00 -7.293775081634521484e+00 3.652416467666625977e+00
4.856735467910766602e-01 -4.149933815002441406e+00 8.895833015441894531e+00 3.539026498794555664e+00
3.127223968505859375e+00 -5.472264289855957031e+00 1.027786064147949219e+01 4.937959671020507812e+00
1.620145320892333984e+00 2.567365765571594238e-01 1.651095449924468994e-01 3.555403232574462891e+00
1.919350743293762207e+00 -1.607530266046524048e-01 6.697476506233215332e-01 4.600473403930664062e+00
2.210591793060302734e+00 2.998417019844055176e-01 -7.743440270423889160e-01 4.074232101440429688e+00
1.231136083602905273e+00 1.000915169715881348e+00 -2.275434017181396484e+00 2.924293756484985352e+00
6.205031275749206543e-01 4.172074794769287109e-01 -7.761321067810058594e-01 2.077562332153320312e+00
6.843060851097106934e-01 7.536548972129821777e-01 -2.575623512268066406e+00 2.646698236465454102e+00
1.206484913825988770e+00 7.741510272026062012e-01 -2.187450885772705078e+00 2.887947320938110352e+00
7.507669925689697266e-01 6.675988435745239258e-01 -3.742292165756225586e+00 3.389870643615722656e+00
1.927028179168701172e+00 1.243698000907897949e+00 -3.596006631851196289e+00 4.630793094635009766e+00
3.118231296539306641e+00 9.263897538185119629e-01 -3.365799665451049805e+00 4.812994003295898438e+00
2.122543573379516602e+00 4.106706976890563965e-01 -2.107748746871948242e+00 4.349737644195556641e+00
6.602373719215393066e-01 6.399379372596740723e-01 -1.482093214988708496e+00 2.186289310455322266e+00
3.054545879364013672e+00 2.692830324172973633e+00 -7.134796142578125000e+00 4.311889171600341797e+00
2.403013706207275391e+00 1.841266989707946777e+00 -3.449537515640258789e+00 3.941214084625244141e+00
1.951943188905715942e-01 4.293693304061889648e-01 -1.376763224601745605e+00 8.099371790885925293e-01
2.053752183914184570e+00 1.527664184570312500e+00 -4.690472602844238281e+00 3.903059244155883789e+00
1.093244075775146484e+00 1.048408746719360352e+00 -2.702224254608154297e+00 2.761415719985961914e+00
8.301151394844055176e-01 7.426303029060363770e-01 -2.038418531417846680e+00 2.605454683303833008e+00
3.006136178970336914e+00 2.144574642181396484e+00 -5.849648475646972656e+00 4.252598285675048828e+00
1.550295710563659668e+00 8.309022188186645508e-01 -9.354857802391052246e-01 3.113291740417480469e+00
2.321730136871337891e+00 9.057481288909912109e-01 7.399948239326477051e-01 3.713829040527343750e+00
5.343828797340393066e-01 3.158049285411834717e-01 -1.297500133514404297e-01 1.652784705162048340e+00
3.409301757812500000e+00 2.240790843963623047e+00 -8.134173393249511719e+00 4.786026000976562500e+00
5.979659557342529297e-01 5.294144153594970703e-01 -1.475985884666442871e+00 2.148108482360839844e+00
1.581328630447387695e+00 1.296622037887573242e+00 -2.693372726440429688e+00 3.611788272857666016e+00
3.674905538558959961e+00 3.404398679733276367e+00 -1.071726894378662109e+01 4.944581508636474609e+00
6.498299241065979004e-01 6.856765747070312500e-01 -1.801146149635314941e+00 2.454433441162109375e+00
6.266838908195495605e-01 3.884105682373046875e-01 -9.749562740325927734e-01 2.382415771484375000e+00
9.143295288085937500e-01 5.321297645568847656e-01 -1.464303016662597656e+00 2.854668140411376953e+00
1.488539814949035645e+00 3.131759166717529297e-01 -2.558563232421875000e+00 3.622576236724853516e+00
1.121078372001647949e+00 9.456987380981445312e-01 -2.433834314346313477e+00 2.815310001373291016e+00
3.416148126125335693e-01 3.683322668075561523e-01 -1.017876267433166504e+00 1.495049715042114258e+00
1.458293437957763672e+00 1.967946648597717285e+00 -8.361911773681640625e+00 3.961735963821411133e+00
8.982761502265930176e-01 5.768278837203979492e-01 -8.366191387176513672e-01 2.436938285827636719e+00
5.831879377365112305e-01 5.265088677406311035e-01 -9.718048572540283203e-01 2.197485208511352539e+00
3.104396462440490723e-01 4.972186684608459473e-01 -1.719690203666687012e+00 1.725880026817321777e+00
5.168371796607971191e-01 4.507964849472045898e-01 -9.513206481933593750e-01 1.852140545845031738e+00
4.146686792373657227e-01 5.567428469657897949e-01 -2.310436248779296875e+00 2.326670169830322266e+00
1.001558661460876465e+00 8.919200897216796875e-01 -2.472368955612182617e+00 2.891050577163696289e+00
7.264908552169799805e-01 8.638056516647338867e-01 -1.922634243965148926e+00 2.830691576004028320e+00
1.147502064704895020e+00 2.169515132904052734e+00 -9.178875923156738281e+00 3.968639373779296875e+00
4.711472988128662109e-01 3.698124587535858154e-01 -1.361701965332031250e+00 2.206081867218017578e+00
9.778963923454284668e-01 1.340834021568298340e+00 -4.941154479980468750e+00 3.154675245285034180e+00
8.692110180854797363e-01 6.936366558074951172e-01 -1.793068289756774902e+00 2.657673120498657227e+00
5.561716482043266296e-02 -5.989592075347900391e+00 1.257258987426757812e+01 3.727856159210205078e+00
1.423648118972778320e+00 -3.555186748504638672e+00 7.797145366668701172e+00 4.171937465667724609e+00
2.834121704101562500e+00 -2.182438850402832031e+00 5.445445060729980469e+00 4.635878086090087891e+00
1.812663793563842773e+00 9.134216904640197754e-01 -1.231819152832031250e+00 3.510020017623901367e+00
2.353187799453735352e+00 1.752935290336608887e+00 -4.458079814910888672e+00 3.969608783721923828e+00
1.254291772842407227e+00 1.232529878616333008e+00 -3.275319576263427734e+00 3.114159345626831055e+00
1.436344504356384277e+00 5.482856631278991699e-01 -6.965360641479492188e-01 3.146648883819580078e+00
3.300755500793457031e+00 -6.277256011962890625e+00 1.194496440887451172e+01 4.928781509399414062e+00
5.977104902267456055e-01 6.584769487380981445e-01 -1.912844181060791016e+00 2.311417818069458008e+00
1.133552432060241699e+00 3.034611344337463379e-01 -4.625777602195739746e-01 2.596816062927246094e+00
1.824890375137329102e+00 8.779568672180175781e-01 -2.003133773803710938e+00 3.330653429031372070e+00
5.394784808158874512e-01 5.360571742057800293e-01 -1.415538072586059570e+00 2.196723699569702148e+00
4.172751009464263916e-01 2.920823097229003906e-01 -2.521964013576507568e-01 1.304006457328796387e+00
9.017931818962097168e-01 7.931579351425170898e-01 -1.644724130630493164e+00 2.683373212814331055e+00
9.391571879386901855e-01 7.659172415733337402e-01 -1.749908566474914551e+00 2.806991577148437500e+00
1.428133726119995117e+00 7.657690644264221191e-01 -1.264923810958862305e+00 3.097878694534301758e+00
1.169657826423645020e+00 7.309676408767700195e-01 -1.368678808212280273e+00 2.775155544281005859e+00
1.461210727691650391e+00 2.875632941722869873e-01 -3.833517432212829590e-01 3.999629497528076172e+00
1.281003117561340332e+00 1.403935670852661133e+00 -4.177015781402587891e+00 3.437155246734619141e+00
1.502523422241210938e+00 1.141381502151489258e+00 -3.684121847152709961e+00 3.421056032180786133e+00
1.861949801445007324e+00 1.881426453590393066e+00 -5.014276504516601562e+00 3.980498790740966797e+00
7.923956513404846191e-01 7.524843215942382812e-01 -1.785237550735473633e+00 2.565714597702026367e+00
1.366221666336059570e+00 1.117507576942443848e+00 -2.469217777252197266e+00 3.178118467330932617e+00
6.943249106407165527e-01 7.585457563400268555e-01 -2.223502635955810547e+00 2.344188213348388672e+00
1.263634562492370605e+00 1.522638082504272461e+00 -5.119679927825927734e+00 3.477565050125122070e+00
1.290666580200195312e+00 1.215944766998291016e+00 -4.289126873016357422e+00 3.448354721069335938e+00
5.278087854385375977e-01 6.501572132110595703e-01 -2.206283569335937500e+00 1.962658882141113281e+00
8.063456416130065918e-01 2.174742668867111206e-01 -7.496818900108337402e-01 2.382775545120239258e+00
1.698433279991149902e+00 2.308814227581024170e-01 -1.081623911857604980e+00 3.921101808547973633e+00
5.871341228485107422e-01 4.768268167972564697e-01 -1.033210039138793945e+00 2.033554315567016602e+00
9.507284760475158691e-01 1.013019084930419922e+00 -5.063656330108642578e+00 3.052653789520263672e+00
6.595367193222045898e-01 1.070722699165344238e+00 -4.960893630981445312e+00 2.692254781723022461e+00
8.632106781005859375e-01 1.248107552528381348e+00 -4.079923629760742188e+00 3.003350257873535156e+00
4.640068113803863525e-01 4.170709848403930664e-01 -8.583713769912719727e-01 1.844784498214721680e+00
8.479740619659423828e-01 1.257882714271545410e+00 -3.793408393859863281e+00 3.143743753433227539e+00
1.044291138648986816e+00 9.561483263969421387e-01 -1.789470314979553223e+00 3.013811111450195312e+00
7.129269242286682129e-01 7.461636662483215332e-01 -2.109773635864257812e+00 2.389662981033325195e+00
3.251532018184661865e-01 6.174982786178588867e-01 -2.451574563980102539e+00 1.700446605682373047e+00
7.572038173675537109e-01 2.889913320541381836e-01 -3.730695545673370361e-01 2.381539106369018555e+00
4.524019360542297363e-01 4.761125743389129639e-01 -1.572557568550109863e+00 2.023361921310424805e+00
3.751095831394195557e-01 3.870165646076202393e-01 -9.948254823684692383e-01 1.575122714042663574e+00
4.103215336799621582e-01 3.887190222740173340e-01 -1.539116263389587402e+00 1.720753788948059082e+00
5.042838454246520996e-01 6.047681570053100586e-01 -1.530628681182861328e+00 2.173658847808837891e+00
8.540872931480407715e-01 7.401773929595947266e-01 -1.628840088844299316e+00 2.625666856765747070e+00
7.659063935279846191e-01 1.019906520843505859e+00 -3.137598991394042969e+00 2.593767881393432617e+00
6.916263699531555176e-01 5.354294776916503906e-01 -1.415246605873107910e+00 2.526377201080322266e+00
2.105578660964965820e+00 -1.092211365699768066e+00 4.032051563262939453e+00 4.290742874145507812e+00
8.098631858825683594e+00 1.711767196655273438e+00 -6.757330894470214844e+00 5.659024238586425781e+00
3.758351802825927734e+00 2.130870580673217773e+00 -2.587444782257080078e+00 4.788528442382812500e+00
1.135228157043457031e+00 9.829801917076110840e-01 -2.236532926559448242e+00 2.869465827941894531e+00
1.797045111656188965e+00 8.936396241188049316e-01 -3.856354951858520508e+00 3.820217609405517578e+00
9.374225735664367676e-01 3.417339026927947998e-01 -4.940950870513916016e+00 2.602003335952758789e+00
2.748438835144042969e+00 3.348070979118347168e-01 -2.876323938369750977e+00 4.876120567321777344e+00
1.401686549186706543e+00 4.586512744426727295e-01 -1.858379483222961426e+00 3.131246566772460938e+00
1.850787758827209473e+00 5.642045140266418457e-01 -4.054172515869140625e+00 4.459420204162597656e+00
1.451032757759094238e+00 1.339560747146606445e+00 -4.341794013977050781e+00 3.758991003036499023e+00
9.272267222404479980e-01 8.299582600593566895e-01 -2.744329929351806641e+00 2.589626789093017578e+00
1.377527594566345215e+00 -1.259866952896118164e+00 2.926553010940551758e+00 3.721742630004882812e+00
1.692651748657226562e+00 4.317309260368347168e-01 -5.678551793098449707e-01 3.385728120803833008e+00
7.702978253364562988e-01 6.592674851417541504e-01 -1.030238270759582520e+00 2.534787178039550781e+00
1.161755204200744629e+00 3.438300788402557373e-01 -1.388619065284729004e+00 3.055816650390625000e+00
1.716841101646423340e+00 2.144770920276641846e-01 -3.505545258522033691e-01 4.072868824005126953e+00
6.403084397315979004e-01 2.854284942150115967e-01 -6.869026422500610352e-01 2.264395475387573242e+00
1.268951892852783203e+00 8.998404145240783691e-01 -2.183002710342407227e+00 3.015402793884277344e+00
1.928763270378112793e+00 1.561683893203735352e+00 -7.321526527404785156e+00 3.904135942459106445e+00
7.173165678977966309e-01 2.381975352764129639e-01 -7.019002437591552734e-01 2.320721387863159180e+00
1.362903118133544922e+00 1.054465532302856445e+00 -2.979337215423583984e+00 3.085278749465942383e+00
6.841133832931518555e-01 7.857437133789062500e-01 -2.204165935516357422e+00 2.472424983978271484e+00
1.351649045944213867e+00 1.310720443725585938e+00 -3.560992717742919922e+00 3.276127099990844727e+00
5.161185264587402344e-01 2.655019760131835938e-01 -3.954605460166931152e-01 1.779715657234191895e+00
9.958739280700683594e-01 1.746963858604431152e-01 2.094691991806030273e-01 2.977578163146972656e+00
5.980768799781799316e-01 1.207068413496017456e-01 2.480354905128479004e-01 1.907575488090515137e+00
1.286208391189575195e+00 6.030054092407226562e-01 -5.155392289161682129e-01 2.846841096878051758e+00
2.041859388351440430e+00 2.491916418075561523e+00 -9.040105819702148438e+00 4.020269393920898438e+00
8.276305794715881348e-01 8.477214574813842773e-01 -2.373332977294921875e+00 2.522710084915161133e+00
7.229971289634704590e-01 5.865067243576049805e-01 -9.859183430671691895e-01 2.086193084716796875e+00
4.635035991668701172e-01 3.837750554084777832e-01 -9.406614899635314941e-01 1.821468830108642578e+00
1.200551271438598633e+00 7.057892084121704102e-01 -3.710209727287292480e-01 2.904429197311401367e+00
1.124323487281799316e+00 7.853806018829345703e-01 -2.071845769882202148e+00 3.127741098403930664e+00
6.967292428016662598e-01 6.519253849983215332e-01 -1.631834506988525391e+00 2.396777868270874023e+00
9.061609506607055664e-01 1.017365217208862305e+00 -2.777693033218383789e+00 2.920510292053222656e+00
5.750830769538879395e-01 2.936279773712158203e-01 -3.120350539684295654e-01 2.311511993408203125e+00
8.564651608467102051e-01 8.214209079742431641e-01 -1.683210849761962891e+00 2.713898181915283203e+00
7.016332745552062988e-01 5.821442008018493652e-01 -1.304124355316162109e+00 2.369117259979248047e+00
3.117860257625579834e-01 3.739033937454223633e-01 -1.117187023162841797e+00 1.430224895477294922e+00
3.252190351486206055e-01 2.897446751594543457e-01 -7.983534336090087891e-01 1.381866812705993652e+00
9.938452243804931641e-01 1.179177522659301758e+00 -3.571999073028564453e+00 2.974353790283203125e+00
1.023206233978271484e+00 1.166036963462829590e+00 -3.268444061279296875e+00 3.199687957763671875e+00
5.859947204589843750e-01 7.326097488403320312e-01 -2.501604080200195312e+00 2.139249801635742188e+00
7.939912676811218262e-01 5.458812117576599121e-01 -9.983503222465515137e-01 2.487948656082153320e+00
4.687943160533905029e-01 7.182941436767578125e-01 -2.840408563613891602e+00 2.131338834762573242e+00
7.070764303207397461e-01 7.896559834480285645e-01 -1.560704708099365234e+00 2.614590883255004883e+00
2.418288469314575195e+00 9.367073774337768555e-01 -2.048542737960815430e+00 3.428950309753417969e+00
8.033452630043029785e-01 1.778466224670410156e+00 -2.990010261535644531e+00 1.961822271347045898e+00
4.715048313140869141e+00 6.582750678062438965e-01 2.384354829788208008e+00 5.338384151458740234e+00
4.093132615089416504e-01 3.903490602970123291e-01 -6.088243126869201660e-01 1.444028258323669434e+00
2.837569236755371094e+00 1.459851264953613281e+00 -6.188051700592041016e+00 3.938264608383178711e+00
1.298444867134094238e+00 -1.173380851745605469e+00 3.952734947204589844e+00 4.062272071838378906e+00
4.606564044952392578e-01 3.072513937950134277e-01 -5.914758443832397461e-01 1.751662492752075195e+00
5.627180337905883789e-01 3.874067366123199463e-01 -7.637854218482971191e-01 2.109699726104736328e+00
1.231767892837524414e+00 7.633424997329711914e-01 -9.392131567001342773e-01 2.888261318206787109e+00
6.390550732612609863e-01 2.244165241718292236e-01 4.099597334861755371e-01 1.610739946365356445e+00
2.566612005233764648e+00 2.477479934692382812e+00 -8.044955253601074219e+00 4.255426883697509766e+00
1.674184203147888184e+00 1.066821336746215820e+00 -1.657786965370178223e+00 3.394788026809692383e+00
1.267473697662353516e+00 7.219607830047607422e-01 -1.587809324264526367e+00 3.342399358749389648e+00
1.403952836990356445e+00 9.509412050247192383e-01 -1.911664605140686035e+00 3.074494123458862305e+00
9.045930504798889160e-01 1.266773223876953125e+00 -7.266744136810302734e+00 3.488761186599731445e+00
2.789139747619628906e-01 3.477337658405303955e-01 -2.308631181716918945e+00 1.446522951126098633e+00
1.140906095504760742e+00 3.885550498962402344e-01 3.719202876091003418e-01 2.569523572921752930e+00
2.661701202392578125e+00 2.866151809692382812e+00 -1.002450370788574219e+01 4.521149158477783203e+00
2.025536537170410156e+00 1.977388501167297363e+00 -7.020332336425781250e+00 4.249902725219726562e+00
4.838657379150390625e-01 2.479973584413528442e-01 -4.344261884689331055e-01 1.800438880920410156e+00
5.085489153861999512e-01 3.799315690994262695e-01 -1.169710755348205566e+00 2.188850641250610352e+00
5.908153057098388672e-01 7.091708779335021973e-01 -8.326349854469299316e-01 1.849529385566711426e+00
1.208401918411254883e+00 1.040283679962158203e+00 -4.663605391979217529e-01 3.036407470703125000e+00
1.329352617263793945e+00 9.889289736747741699e-01 -2.647999763488769531e+00 3.042199373245239258e+00
1.979640364646911621e+00 1.526189923286437988e+00 -8.056271553039550781e+00 4.344805240631103516e+00
1.089754104614257812e+00 9.487629532814025879e-01 -2.596328020095825195e+00 2.684996128082275391e+00
2.462845087051391602e+00 2.296276092529296875e+00 -7.343482017517089844e+00 4.213656425476074219e+00
1.965020775794982910e+00 9.870893955230712891e-01 -3.012497663497924805e+00 4.572170734405517578e+00
5.795857310295104980e-01 6.127807497978210449e-01 -1.818488001823425293e+00 2.194182157516479492e+00
7.080530524253845215e-01 2.836447358131408691e-01 -1.177589774131774902e+00 3.430590867996215820e+00
9.335186481475830078e-01 7.852998375892639160e-01 -2.631379127502441406e+00 3.041591167449951172e+00
1.072316288948059082e+00 5.827292799949645996e-01 -7.927319407463073730e-01 2.754401206970214844e+00
4.986638724803924561e-01 5.829310417175292969e-01 -1.859689116477966309e+00 2.326785326004028320e+00
5.742146968841552734e-01 5.520481467247009277e-01 -1.345534324645996094e+00 2.281733036041259766e+00
2.371261835098266602e+00 1.787724137306213379e+00 -4.388737201690673828e+00 4.168113708496093750e+00
2.840778827667236328e-01 3.221776783466339111e-01 -8.424209356307983398e-01 1.116852402687072754e+00
8.539695143699645996e-01 8.587092757225036621e-01 -2.459477186203002930e+00 3.062307357788085938e+00
9.118611216545104980e-01 6.099876165390014648e-01 -3.772235214710235596e-01 2.573317766189575195e+00
1.314121723175048828e+00 1.088333249092102051e+00 -2.295455217361450195e+00 3.016665220260620117e+00
3.445626497268676758e-01 2.936555445194244385e-01 -6.100234389305114746e-01 1.541167855262756348e+00
1.135139942169189453e+00 1.192932724952697754e+00 -3.422848701477050781e+00 3.154293537139892578e+00
2.928890585899353027e-01 2.491864114999771118e-01 -1.800443291664123535e+00 1.647397994995117188e+00
7.879880666732788086e-01 9.907068610191345215e-01 -3.257495403289794922e+00 2.659236907958984375e+00
1.482005000114440918e+00 1.536422610282897949e+00 -4.123237609863281250e+00 3.554953336715698242e+00
1.446722507476806641e+00 1.510159015655517578e+00 -4.333186626434326172e+00 3.374994754791259766e+00
4.089801311492919922e-01 5.707489252090454102e-01 -1.976181268692016602e+00 2.241258382797241211e+00
6.369454860687255859e-01 1.187522411346435547e+00 8.883588761091232300e-02 3.005752325057983398e+00
7.872214913368225098e-01 9.173747301101684570e-01 -1.213599443435668945e+00 2.478240489959716797e+00
2.703917026519775391e+00 1.043312668800354004e+00 -1.669709205627441406e+00 3.953869819641113281e+00
9.414537549018859863e-01 7.239134907722473145e-01 2.708612680435180664e-01 3.137174844741821289e+00
1.148706912994384766e+00 1.022672653198242188e+00 -1.531427025794982910e+00 2.683044672012329102e+00
1.787457585334777832e+00 5.169314146041870117e-01 2.636551558971405029e-01 3.740631580352783203e+00
3.909035682678222656e+00 1.279159545898437500e+00 3.016659915447235107e-01 4.952124118804931641e+00
1.268000602722167969e+00 8.328114151954650879e-01 6.778126955032348633e-01 3.361301660537719727e+00
1.806004166603088379e+00 -7.644799351692199707e-01 4.650157451629638672e+00 4.808557510375976562e+00
6.307919502258300781e+00 4.394110679626464844e+00 -1.351144790649414062e+01 5.649042606353759766e+00
2.102646827697753906e+00 1.374662399291992188e+00 -5.499575614929199219e+00 4.242424964904785156e+00
1.515311121940612793e+00 7.657029032707214355e-01 -2.198384761810302734e+00 3.209853887557983398e+00
3.908498048782348633e+00 -9.714387059211730957e-01 2.908065557479858398e+00 5.022500991821289062e+00
5.625205636024475098e-01 4.548569321632385254e-01 -1.901565670967102051e+00 1.847363829612731934e+00
5.325891017913818359e+00 4.869565963745117188e+00 -1.789747047424316406e+01 5.410233974456787109e+00
1.791560292243957520e+00 1.259974837303161621e+00 -4.144522666931152344e+00 4.037114143371582031e+00
1.099180459976196289e+00 1.793002724647521973e+00 -7.155483722686767578e+00 3.339250564575195312e+00
4.610097110271453857e-01 5.627614855766296387e-01 -1.710793733596801758e+00 1.847157955169677734e+00
1.086158037185668945e+00 1.237696051597595215e+00 -3.793666362762451172e+00 3.125633239746093750e+00
1.369423747062683105e+00 9.116410017013549805e-01 -1.556396007537841797e+00 3.163469791412353516e+00
2.157870769500732422e+00 1.661663651466369629e+00 -4.319181919097900391e+00 3.853778362274169922e+00
4.261453747749328613e-01 4.970338642597198486e-01 -1.728568315505981445e+00 1.915738224983215332e+00
1.791254162788391113e+00 9.764301776885986328e-01 -8.910767436027526855e-01 3.530222654342651367e+00
2.298222064971923828e+00 5.625593066215515137e-01 -1.879404187202453613e+00 4.656546115875244141e+00
3.670094907283782959e-01 3.178651332855224609e-01 -4.581728875637054443e-01 1.407775163650512695e+00
1.334968805313110352e+00 1.075572252273559570e+00 -2.741120100021362305e+00 3.304507732391357422e+00
7.783458828926086426e-01 5.965143442153930664e-01 -1.426659107208251953e+00 2.256271362304687500e+00
1.196515202522277832e+00 8.218442201614379883e-01 -1.934033870697021484e+00 2.934293508529663086e+00
6.866405010223388672e-01 6.426490545272827148e-01 -1.520249605178833008e+00 2.526973485946655273e+00
1.228968501091003418e+00 1.303328275680541992e+00 -3.793283939361572266e+00 3.132290363311767578e+00
1.126939892768859863e+00 1.319441199302673340e+00 -5.594969749450683594e+00 3.226346015930175781e+00
3.341149806976318359e+00 2.542422056198120117e+00 -6.805179119110107422e+00 4.573437690734863281e+00
1.659337520599365234e+00 1.385020613670349121e+00 -3.638256311416625977e+00 3.378931283950805664e+00
1.428506374359130859e+00 1.264979958534240723e+00 -2.818627595901489258e+00 3.240467786788940430e+00
4.047878265380859375e+00 3.158220052719116211e+00 -9.131521224975585938e+00 4.932012557983398438e+00
7.151358127593994141e-01 8.102392554283142090e-01 -2.386247634887695312e+00 2.705412626266479492e+00
1.747340679168701172e+00 1.243114709854125977e+00 -3.835697889328002930e+00 3.672238826751708984e+00
2.514616489410400391e+00 2.433830022811889648e+00 -7.949759960174560547e+00 4.337956905364990234e+00
4.264230728149414062e-01 2.529093921184539795e-01 -7.479201555252075195e-01 1.813202619552612305e+00
8.617503046989440918e-01 1.545563340187072754e-01 8.996546268463134766e-01 2.068073511123657227e+00
9.977262020111083984e-01 1.469228148460388184e+00 -5.941314697265625000e+00 3.275313615798950195e+00
3.764652311801910400e-01 2.488952428102493286e-01 -9.883511066436767578e-01 2.062032222747802734e+00
1.216216325759887695e+00 1.231300830841064453e+00 -3.574723005294799805e+00 3.240845441818237305e+00
7.854009270668029785e-01 1.160704135894775391e+00 -4.032984733581542969e+00 3.027056217193603516e+00
5.794061422348022461e-01 5.383952260017395020e-01 -1.243086814880371094e+00 2.226059436798095703e+00
7.226908802986145020e-01 8.921649456024169922e-01 -3.545014619827270508e+00 3.066819190979003906e+00
1.053805828094482422e+00 -4.737876653671264648e-01 1.017713189125061035e+00 2.884318590164184570e+00
2.969983220100402832e-01 1.306496620178222656e+00 -4.130759716033935547e+00 1.018774032592773438e+00
2.015739083290100098e-01 8.944710493087768555e-01 -5.764231085777282715e-01 2.271879196166992188e+00
8.064304590225219727e-01 6.217318773269653320e-01 9.251182675361633301e-01 3.071414709091186523e+00
3.187463045120239258e+00 5.151144266128540039e-01 -1.508840441703796387e+00 4.153384685516357422e+00
2.295111894607543945e+00 1.162006378173828125e+00 -2.852965116500854492e+00 4.080071449279785156e+00
1.943105101585388184e+00 2.342435121536254883e-01 2.019273996353149414e+00 3.833422422409057617e+00
1.873182773590087891e+00 1.212981820106506348e+00 -1.513452291488647461e+00 3.486964225769042969e+00
4.129825592041015625e+00 1.142262816429138184e+00 1.373669266700744629e+00 4.910041809082031250e+00
2.210011482238769531e+00 1.396992087364196777e+00 -2.745909214019775391e+00 3.708200454711914062e+00
1.224917054176330566e+00 8.235412836074829102e-01 -9.870668649673461914e-01 2.740535020828247070e+00
1.201965093612670898e+00 5.145679116249084473e-01 -1.447049975395202637e+00 3.363946199417114258e+00
1.337647438049316406e+00 6.782022118568420410e-01 -1.799585819244384766e+00 3.170867681503295898e+00
1.427416682243347168e+00 4.335608333349227905e-02 2.573982775211334229e-01 3.312507152557373047e+00
2.064144134521484375e+00 1.646130442619323730e+00 -5.399199008941650391e+00 3.754781007766723633e+00
4.142674803733825684e-01 3.276440799236297607e-01 -6.515042185783386230e-01 1.705210328102111816e+00
5.679531097412109375e+00 1.944343447685241699e+00 -2.946116924285888672e+00 5.686705112457275391e+00
7.933454513549804688e-01 7.430710792541503906e-01 -2.293419837951660156e+00 2.634075880050659180e+00
6.795621514320373535e-01 4.793503284454345703e-01 -1.807330608367919922e+00 2.267418384552001953e+00
2.803112030029296875e+00 2.120987176895141602e+00 -2.096580982208251953e+00 4.281198501586914062e+00
9.127281308174133301e-01 4.554411768913269043e-01 -5.744925141334533691e-01 2.690364837646484375e+00
9.176185727119445801e-01 7.034353613853454590e-01 -1.730045080184936523e+00 2.691274166107177734e+00
2.119507074356079102e+00 9.594066739082336426e-01 -1.035133004188537598e+00 3.640100479125976562e+00
3.666629314422607422e+00 1.907513260841369629e+00 -6.947779655456542969e+00 4.496064662933349609e+00
1.418665885925292969e+00 2.248559594154357910e-01 1.459368944168090820e+00 2.899246215820312500e+00
1.661515831947326660e+00 1.676919102668762207e+00 -7.311737537384033203e+00 4.149159431457519531e+00
7.680287361145019531e-01 3.897822797298431396e-01 -9.096989631652832031e-01 2.529476642608642578e+00
4.979116618633270264e-01 4.149641990661621094e-01 -6.968164443969726562e-01 1.834637641906738281e+00
1.142036676406860352e+00 1.386145114898681641e+00 -5.857661247253417969e+00 3.494487524032592773e+00
2.275973796844482422e+00 2.254872560501098633e+00 -7.052861690521240234e+00 4.126631259918212891e+00
8.965232968330383301e-01 1.125447869300842285e+00 -3.451863288879394531e+00 2.762820005416870117e+00
1.472626447677612305e+00 1.269289970397949219e+00 -4.597636222839355469e+00 3.289206504821777344e+00
1.897478342056274414e+00 1.772832632064819336e+00 -5.855426311492919922e+00 3.795816183090209961e+00
7.346960306167602539e-01 3.355159461498260498e-01 -1.904205560684204102e+00 2.783551454544067383e+00
1.018125057220458984e+00 8.051671385765075684e-01 -1.825640320777893066e+00 2.682024955749511719e+00
7.146450281143188477e-01 7.773820161819458008e-01 -2.771362066268920898e+00 2.457854509353637695e+00
9.534437656402587891e-01 6.508467793464660645e-01 -1.243474364280700684e+00 2.631502151489257812e+00
6.892839670181274414e-01 7.055827379226684570e-01 -1.923437952995300293e+00 2.306196928024291992e+00
9.494270086288452148e-01 -9.043700248003005981e-02 -1.505542099475860596e-01 3.602120876312255859e+00
8.733453750610351562e-01 5.417109727859497070e-01 -7.432630658149719238e-01 2.609267711639404297e+00
1.154807567596435547e+00 1.264756560325622559e+00 -4.520641803741455078e+00 3.129760026931762695e+00
3.768395483493804932e-01 2.239302396774291992e-01 -2.322084456682205200e-01 1.472360968589782715e+00
3.489679098129272461e-01 2.512066662311553955e-01 -2.587106525897979736e-01 1.206033110618591309e+00
2.312149047851562500e+00 8.550044894218444824e-01 -3.103492259979248047e-01 3.755600929260253906e+00
6.559822559356689453e-01 2.655203044414520264e-01 -5.639196038246154785e-01 2.483787775039672852e+00
6.079537272453308105e-01 7.448569536209106445e-01 -2.300237894058227539e+00 2.572974443435668945e+00
5.880041718482971191e-01 8.420677781105041504e-01 -9.856104850769042969e-01 2.481201410293579102e+00
1.127349734306335449e+00 1.181908965110778809e+00 -4.709419012069702148e-01 3.111511230468750000e+00
5.841239690780639648e-01 1.851135849952697754e+00 -2.203258991241455078e+00 2.243170976638793945e+00
2.058044433593750000e+00 1.219152808189392090e+00 -2.545039892196655273e+00 3.200657606124877930e+00
3.307054519653320312e+00 -5.621635317802429199e-01 5.700391769409179688e+00 5.598212718963623047e+00
1.339641928672790527e+00 -4.907496571540832520e-01 1.454812169075012207e+00 3.424702405929565430e+00
1.422214210033416748e-01 1.755148887634277344e+00 -6.933681964874267578e+00 1.922966390848159790e-01
1.500892519950866699e+00 9.352006316184997559e-01 -3.837033271789550781e+00 2.247846364974975586e+00
2.512599468231201172e+00 8.773038983345031738e-01 1.539267659187316895e+00 4.116499900817871094e+00
3.769203662872314453e+00 4.736464977264404297e+00 -2.641593217849731445e+00 5.143414974212646484e+00
2.073975801467895508e+00 1.438594937324523926e+00 -1.812383651733398438e+00 3.590695619583129883e+00
3.566789329051971436e-01 1.336274862289428711e+00 -2.412711858749389648e+00 1.773024201393127441e+00
6.704845905303955078e+00 -1.111526012420654297e+01 1.372678375244140625e+01 5.785917282104492188e+00
5.757550597190856934e-01 6.092017889022827148e-01 -1.333733081817626953e+00 1.815152645111083984e+00
3.770982265472412109e+00 1.878949165344238281e+00 -3.575895547866821289e+00 4.602756023406982422e+00
1.280364990234375000e+00 1.124404907226562500e+00 -3.753290414810180664e+00 3.250749349594116211e+00
1.340381145477294922e+00 1.131813764572143555e+00 -3.871330499649047852e+00 3.714141845703125000e+00
1.722934961318969727e+00 4.721971154212951660e-01 -1.589307039976119995e-01 3.532553195953369141e+00
2.706343173980712891e+00 1.640885353088378906e+00 -3.662795543670654297e+00 4.023946762084960938e+00
8.591689467430114746e-01 4.588534235954284668e-01 1.965438723564147949e-01 2.386863708496093750e+00
1.000986218452453613e+00 7.155499458312988281e-01 -4.162072241306304932e-01 2.534193515777587891e+00
2.657075643539428711e+00 2.427095413208007812e+00 -7.263906478881835938e+00 4.304719924926757812e+00
1.936184525489807129e+00 1.194652438163757324e+00 -2.168753862380981445e+00 3.352882862091064453e+00
2.066021442413330078e+00 7.288028001785278320e-01 -3.476884126663208008e+00 4.050742626190185547e+00
2.583412885665893555e+00 6.738799214363098145e-01 2.437653541564941406e+00 3.991492748260498047e+00
8.307418823242187500e-01 7.025215625762939453e-01 -1.540817260742187500e+00 2.459614276885986328e+00
5.513698458671569824e-01 5.620984435081481934e-01 -1.747139692306518555e+00 2.197435140609741211e+00
5.217755436897277832e-01 3.971750736236572266e-01 -9.306600093841552734e-01 2.023661851882934570e+00
1.071056246757507324e+00 1.327368766069412231e-01 -2.609286904335021973e-01 2.919954061508178711e+00
2.352573633193969727e+00 1.384111762046813965e+00 -3.556984663009643555e+00 3.834153413772583008e+00
6.890848278999328613e-01 3.499573469161987305e-01 -1.423945307731628418e+00 2.384805917739868164e+00
8.281678557395935059e-01 7.851361036300659180e-01 -1.857062816619873047e+00 2.513305902481079102e+00
1.392497062683105469e+00 -5.888018608093261719e-01 5.196918845176696777e-01 4.021484851837158203e+00
7.184473276138305664e-01 5.288978219032287598e-01 -1.624204158782958984e+00 2.392463207244873047e+00
1.167899966239929199e+00 1.270871996879577637e+00 -4.927497386932373047e+00 3.233289241790771484e+00
7.486384510993957520e-01 8.877880573272705078e-01 -2.470147132873535156e+00 2.637906312942504883e+00
1.880485653877258301e+00 1.274478077888488770e+00 -4.127656817436218262e-01 3.730427026748657227e+00
3.132155179977416992e+00 1.929596304893493652e+00 -4.719808578491210938e+00 4.405678272247314453e+00
1.923250794410705566e+00 1.615515112876892090e+00 -4.628088951110839844e+00 3.841136217117309570e+00
5.473651289939880371e-01 4.791137576103210449e-01 -1.199789404869079590e+00 2.138113737106323242e+00
1.204448103904724121e+00 3.999828100204467773e-01 -1.461683630943298340e+00 3.212695837020874023e+00
1.456405401229858398e+00 2.252351999282836914e+00 -8.563774108886718750e+00 3.773643493652343750e+00
1.609000325202941895e+00 1.837561488151550293e+00 -7.323581695556640625e+00 3.934151649475097656e+00
5.146212577819824219e-01 2.221058607101440430e-01 -1.548706591129302979e-01 1.808131814002990723e+00
1.908694148063659668e+00 2.096766710281372070e+00 -6.142593383789062500e+00 3.955275058746337891e+00
1.597951292991638184e+00 1.634187698364257812e+00 -4.538085460662841797e+00 3.461915493011474609e+00
8.039703369140625000e-01 1.135459423065185547e+00 -1.479425191879272461e+00 2.590743780136108398e+00
6.963859200477600098e-01 1.095465779304504395e+00 -1.109293580055236816e+00 2.613802433013916016e+00
3.458137512207031250e+00 -2.587087392807006836e+00 5.582954883575439453e+00 4.523632526397705078e+00
3.333508014678955078e+00 -1.386543631553649902e+00 4.749399185180664062e+00 4.920982837677001953e+00
1.024855613708496094e+00 3.444513559341430664e+00 -1.184591770172119141e+01 1.755304932594299316e+00
1.614219903945922852e+00 1.275796651840209961e+00 -1.941376328468322754e+00 3.111777067184448242e+00
1.275554537773132324e+00 -4.667778968811035156e+00 8.203530311584472656e+00 3.711281776428222656e+00
1.743683576583862305e+00 6.242172718048095703e-01 -1.813399910926818848e+00 3.054373741149902344e+00
3.127038717269897461e+00 2.656578063964843750e+00 1.859512567520141602e+00 5.332588672637939453e+00
3.104452848434448242e+00 -2.111511677503585815e-01 -8.534815907478332520e-01 3.899002790451049805e+00
1.850951671600341797e+00 -3.642503917217254639e-01 1.810843706130981445e+00 3.793067216873168945e+00
1.385740518569946289e+00 5.500157549977302551e-02 4.459296226501464844e+00 4.103542327880859375e+00
1.294686079025268555e+00 1.260542988777160645e+00 -6.834791302680969238e-01 3.030023097991943359e+00
1.165164589881896973e+00 -1.800400018692016602e-02 3.549691200256347656e+00 3.648617744445800781e+00
5.035557150840759277e-01 5.445903539657592773e-01 -1.436152219772338867e+00 1.734903693199157715e+00
3.461449623107910156e+00 9.296173453330993652e-01 -6.736333370208740234e-01 4.575428962707519531e+00
2.395091533660888672e+00 -1.322352528572082520e+00 4.659313201904296875e+00 4.095093250274658203e+00
1.589263796806335449e+00 2.897005975246429443e-01 9.538705348968505859e-01 3.558050632476806641e+00
1.660366415977478027e+00 1.276767492294311523e+00 -3.377551317214965820e+00 3.412573575973510742e+00
2.059458255767822266e+00 1.121007084846496582e+00 -1.375261068344116211e+00 3.744160175323486328e+00
1.441946983337402344e+00 1.081540465354919434e+00 -3.165667057037353516e+00 3.349273204803466797e+00
2.052492380142211914e+00 1.282888770103454590e+00 -5.477354049682617188e+00 3.763601303100585938e+00
2.642509222030639648e+00 1.584927439689636230e+00 -3.313424825668334961e+00 3.937060356140136719e+00
5.901449918746948242e-01 3.925398290157318115e-01 -5.394204854965209961e-01 2.025336742401123047e+00
3.807507514953613281e+00 2.399894475936889648e+00 -6.388185024261474609e+00 4.898033618927001953e+00
3.137119293212890625e+00 2.437514066696166992e+00 -5.233279705047607422e+00 4.427992820739746094e+00
5.022864818572998047e+00 3.808690547943115234e+00 -1.487745189666748047e+01 5.257887363433837891e+00
1.568351268768310547e+00 1.222181200981140137e+00 -3.025561809539794922e+00 3.151424884796142578e+00
9.816378355026245117e-01 1.109575867652893066e+00 -2.947588443756103516e+00 2.945375442504882812e+00
1.203434586524963379e+00 1.123409152030944824e+00 -3.056030511856079102e+00 3.205018997192382812e+00
2.440095663070678711e+00 2.044167280197143555e+00 -7.151923179626464844e+00 4.148616790771484375e+00
3.155688285827636719e+00 2.273789644241333008e+00 -8.009504318237304688e+00 4.752942085266113281e+00
4.892249107360839844e-01 4.108608365058898926e-01 -8.523854017257690430e-01 1.761322736740112305e+00
1.587559819221496582e+00 1.937784552574157715e+00 -6.954014778137207031e+00 3.573474407196044922e+00
1.087844252586364746e+00 8.647138476371765137e-01 -2.172773361206054688e+00 2.985559940338134766e+00
4.895422935485839844e+00 2.901846408843994141e+00 -1.154749679565429688e+01 5.260164737701416016e+00
7.198033928871154785e-01 6.403383612632751465e-01 -1.876352071762084961e+00 2.248176574707031250e+00
1.378949165344238281e+00 1.097471117973327637e+00 -2.911677598953247070e+00 3.093921422958374023e+00
8.254743218421936035e-01 6.186519861221313477e-01 -1.222973465919494629e+00 2.580063343048095703e+00
1.146518349647521973e+00 4.195737540721893311e-01 5.309008359909057617e-01 2.643168687820434570e+00
1.448929429054260254e+00 1.272486329078674316e+00 -4.292365074157714844e+00 3.549965858459472656e+00
6.049253344535827637e-01 4.094789326190948486e-01 -1.176032066345214844e+00 2.149506807327270508e+00
4.191354811191558838e-01 3.089247345924377441e-01 -5.091624259948730469e-01 1.603517413139343262e+00
1.701590895652770996e+00 2.083600997924804688e+00 -8.784777641296386719e+00 3.686572313308715820e+00
1.679226756095886230e+00 1.609521985054016113e+00 -5.352960109710693359e+00 3.622523069381713867e+00
2.436328411102294922e+00 2.546966314315795898e+00 -8.093409538269042969e+00 4.323208332061767578e+00
7.861768007278442383e-01 1.008675575256347656e+00 -1.751987576484680176e+00 2.417792797088623047e+00
8.828712105751037598e-01 1.802940726280212402e+00 -8.673802614212036133e-01 2.972497463226318359e+00
2.835832834243774414e+00 -6.150821447372436523e-01 -8.286435604095458984e-01 3.972488403320312500e+00
9.392088055610656738e-01 -4.234672546386718750e+00 1.109119415283203125e+01 4.417714118957519531e+00
1.577090263366699219e+00 9.457146525382995605e-01 -1.928927063941955566e+00 3.036588907241821289e+00
3.096307277679443359e+00 5.461643934249877930e-01 1.216168284416198730e+00 4.324041843414306641e+00
2.660861730575561523e+00 2.082720279693603516e+00 -1.239905729889869690e-01 4.421446323394775391e+00
1.087571263313293457e+00 6.402670741081237793e-01 -8.782806992530822754e-02 3.100991725921630859e+00
7.328854799270629883e-01 -6.726846694946289062e-01 3.954254627227783203e+00 3.675658464431762695e+00
2.832488536834716797e+00 8.436754345893859863e-01 -8.131972551345825195e-01 4.212859153747558594e+00
2.006682634353637695e+00 9.021696448326110840e-01 3.580572128295898438e+00 4.415871620178222656e+00
-4.761718809604644775e-01 1.673656582832336426e+00 -5.091610431671142578e+00 -6.463385224342346191e-01
4.417038917541503906e+00 2.020763754844665527e-01 1.143903613090515137e+00 4.961834430694580078e+00
5.769728183746337891e+00 1.463341951370239258e+00 -2.891030311584472656e+00 5.281888484954833984e+00
1.469722390174865723e+00 5.912706851959228516e-01 -6.963927149772644043e-01 3.170955657958984375e+00
2.720510244369506836e+00 6.570633053779602051e-01 1.004387617111206055e+00 4.101746559143066406e+00
1.025031208992004395e+00 1.019981384277343750e+00 -1.655816912651062012e+00 2.526195287704467773e+00
5.242550373077392578e+00 1.104110240936279297e+00 -9.560360908508300781e-01 5.116894245147705078e+00
1.781652927398681641e+00 1.243977546691894531e+00 -3.185579538345336914e+00 3.496783256530761719e+00
7.453340291976928711e-01 5.145628452301025391e-01 -2.209517717361450195e+00 2.515928268432617188e+00
8.963445425033569336e-01 6.966755986213684082e-01 -1.915488362312316895e+00 2.765699386596679688e+00
5.527360439300537109e-01 4.220252037048339844e-01 -8.637912273406982422e-01 1.923671960830688477e+00
9.542492628097534180e-01 3.418995738029479980e-01 4.024771749973297119e-01 2.467039346694946289e+00
1.974179148674011230e+00 9.182273745536804199e-01 -1.971752882003784180e+00 3.829215526580810547e+00
2.110862255096435547e+00 1.435940980911254883e+00 -3.655277490615844727e+00 3.789937734603881836e+00
5.672133445739746094e+00 4.950932025909423828e+00 -1.898311805725097656e+01 5.616306781768798828e+00
1.870747089385986328e+00 6.947166323661804199e-01 -9.141816496849060059e-01 3.756366491317749023e+00
5.424369335174560547e+00 3.751034259796142578e+00 -1.270521831512451172e+01 5.487351894378662109e+00
4.669079303741455078e+00 3.858516931533813477e+00 -1.314716053009033203e+01 5.057037353515625000e+00
1.195038676261901855e+00 1.036922216415405273e+00 -2.799537181854248047e+00 2.982774496078491211e+00
2.248039722442626953e+00 1.911819696426391602e+00 -5.279543399810791016e+00 4.018940448760986328e+00
2.139189720153808594e+00 1.521856784820556641e+00 -4.830646991729736328e+00 4.163160324096679688e+00
6.716242432594299316e-01 2.480808198451995850e-01 3.007095456123352051e-01 1.864538788795471191e+00
2.394760131835937500e+00 2.397000312805175781e+00 -7.783321857452392578e+00 4.259319305419921875e+00
2.128880500793457031e+00 5.681201815605163574e-01 -4.526540338993072510e-01 3.997725009918212891e+00
6.672786474227905273e-01 4.356437623500823975e-01 -1.298995018005371094e+00 2.439934492111206055e+00
1.008069276809692383e+00 4.795308411121368408e-01 -3.111825883388519287e-01 2.767151355743408203e+00
1.342799901962280273e+00 1.153659224510192871e+00 -3.190510749816894531e+00 3.191587448120117188e+00
6.609379053115844727e-01 4.895853996276855469e-01 -1.209263920783996582e+00 2.301766872406005859e+00
5.977157354354858398e-01 7.037611007690429688e-01 -2.138520956039428711e+00 2.242230892181396484e+00
1.032985448837280273e+00 1.018843293190002441e+00 -3.034105062484741211e+00 2.946341991424560547e+00
3.633277177810668945e+00 3.109292745590209961e+00 -9.435868263244628906e+00 4.759062290191650391e+00
6.632688045501708984e-01 2.808387279510498047e-01 -8.515625447034835815e-02 2.010738372802734375e+00
1.902666330337524414e+00 2.054718732833862305e+00 -6.458804130554199219e+00 4.052425384521484375e+00
3.143955945968627930e+00 3.040043354034423828e+00 -1.104201316833496094e+01 4.672309875488281250e+00
5.112769007682800293e-01 2.525362670421600342e-01 3.063871860504150391e-01 2.283089876174926758e+00
2.621904388070106506e-02 2.995413541793823242e-01 1.834838747978210449e+00 2.753701210021972656e+00
6.041195988655090332e-01 1.128179073333740234e+00 -1.230202674865722656e+00 2.323087930679321289e+00
1.749252319335937500e+00 1.298419713973999023e+00 -1.362893223762512207e+00 3.398612737655639648e+00
1.870258331298828125e+00 -2.443394511938095093e-01 1.759235933423042297e-02 3.320941448211669922e+00
2.808397710323333740e-01 1.770626306533813477e-01 1.258187174797058105e+00 2.718843460083007812e+00
1.599542975425720215e+00 9.443125128746032715e-02 4.338155746459960938e+00 4.479184150695800781e+00
7.349823117256164551e-01 -2.879762887954711914e+00 7.927347183227539062e+00 3.949374675750732422e+00
5.391217470169067383e-01 7.002819180488586426e-01 -4.732681810855865479e-01 2.464290618896484375e+00
9.410026073455810547e-01 -1.994906738400459290e-02 1.620348691940307617e+00 3.018062353134155273e+00
1.914204716682434082e+00 6.876472830772399902e-01 -9.432382583618164062e-01 3.466818094253540039e+00
1.381306052207946777e+00 1.302582979202270508e+00 -2.905622243881225586e+00 2.337248563766479492e+00
2.085982799530029297e+00 -4.229897558689117432e-01 -9.638970494270324707e-01 3.661326408386230469e+00
2.978878498077392578e+00 3.350989818572998047e-01 1.859856843948364258e+00 4.287407875061035156e+00
3.679650545120239258e+00 -1.858919262886047363e+00 6.208912849426269531e+00 5.340946674346923828e+00
4.070389270782470703e+00 3.903603255748748779e-01 -9.678255319595336914e-01 4.959605693817138672e+00
2.884064435958862305e+00 8.756814002990722656e-01 1.465392351150512695e+00 4.149727821350097656e+00
8.469686508178710938e-01 5.197821259498596191e-01 8.408076167106628418e-01 2.373320817947387695e+00
1.350547909736633301e+00 1.967445462942123413e-01 5.831983685493469238e-01 2.955200910568237305e+00
3.407529115676879883e+00 1.474532008171081543e+00 -3.810599565505981445e+00 4.693587303161621094e+00
1.390592455863952637e+00 7.423076629638671875e-01 -6.358866691589355469e-01 3.105579853057861328e+00
4.322235107421875000e+00 2.250545501708984375e+00 -5.910796165466308594e+00 4.950809001922607422e+00
1.796616196632385254e+00 1.049003243446350098e+00 -1.621023774147033691e+00 3.513821601867675781e+00
2.508309602737426758e+00 1.537740111351013184e+00 -4.307907104492187500e+00 4.079014778137207031e+00
1.958631992340087891e+00 1.052178144454956055e+00 -5.512836575508117676e-01 3.405736923217773438e+00
2.182304859161376953e+00 9.865174293518066406e-01 -2.304620265960693359e+00 3.970660209655761719e+00
1.311784625053405762e+00 4.664274156093597412e-01 1.256230235099792480e+00 2.982084989547729492e+00
3.709570646286010742e+00 2.353774309158325195e+00 -6.382009983062744141e+00 4.820035457611083984e+00
4.077570915222167969e+00 1.370632767677307129e+00 -3.955512046813964844e+00 4.932644844055175781e+00
5.800561904907226562e-01 8.990241289138793945e-01 -2.195705890655517578e+00 1.986918091773986816e+00
1.439121484756469727e+00 9.068582057952880859e-01 -2.286090850830078125e+00 3.440021514892578125e+00
8.458812832832336426e-01 4.305125474929809570e-01 -6.772291064262390137e-01 2.644517660140991211e+00
1.287281394004821777e+00 1.078061342239379883e+00 -3.653709650039672852e+00 3.281596899032592773e+00
6.322372555732727051e-01 5.794689059257507324e-01 -1.577330708503723145e+00 1.966573715209960938e+00
2.600778579711914062e+00 2.123569488525390625e+00 -5.343525409698486328e+00 4.109798431396484375e+00
8.663958907127380371e-01 2.722000181674957275e-01 -3.383234739303588867e-01 2.651815652847290039e+00
1.893562674522399902e+00 1.093324899673461914e+00 -2.123568534851074219e+00 3.426938295364379883e+00
3.585117340087890625e+00 1.872747302055358887e+00 -4.981119155883789062e+00 4.838710308074951172e+00
5.494334697723388672e+00 2.073671102523803711e+00 -3.323132276535034180e+00 5.292569160461425781e+00
2.074777841567993164e+00 1.588802337646484375e+00 -4.226459503173828125e+00 3.853072881698608398e+00
1.241535782814025879e+00 9.925286173820495605e-01 -3.210280656814575195e+00 3.065066576004028320e+00
1.685922503471374512e+00 9.043726325035095215e-01 -2.840962886810302734e+00 3.595660686492919922e+00
4.496428489685058594e+00 3.621213912963867188e+00 -1.478877544403076172e+01 5.239635944366455078e+00
1.363987922668457031e+00 1.307807445526123047e+00 -3.905768394470214844e+00 3.441636085510253906e+00
9.885021448135375977e-01 7.783733606338500977e-01 -1.778744101524353027e+00 2.727616310119628906e+00
5.371876358985900879e-01 2.945420145988464355e-01 2.418133467435836792e-01 1.598497629165649414e+00
2.303673028945922852e+00 2.016796827316284180e+00 -5.494217395782470703e+00 4.091340065002441406e+00
1.115985989570617676e+00 1.317798137664794922e+00 -7.120792865753173828e-01 3.087723493576049805e+00
3.738699555397033691e-01 -4.696980714797973633e-01 3.209561347961425781e+00 3.164202690124511719e+00
7.845163345336914062e-01 7.226025462150573730e-01 -3.213309124112129211e-02 2.803191661834716797e+00
9.102830290794372559e-01 1.115033864974975586e+00 -6.905806660652160645e-01 2.879256010055541992e+00
3.617548465728759766e+00 6.023822426795959473e-01 3.641979932785034180e+00 5.226881027221679688e+00
4.633935987949371338e-01 -2.069306820631027222e-01 2.906768560409545898e+00 3.268932580947875977e+00
2.354562520980834961e+00 7.881228923797607422e-01 -1.894152909517288208e-01 4.143411159515380859e+00
3.241329193115234375e+00 -3.171865344047546387e-01 4.915328502655029297e+00 5.214698791503906250e+00
6.201996803283691406e-01 4.635395109653472900e-01 1.190555691719055176e+00 2.915267229080200195e+00
1.697470307350158691e+00 1.868920326232910156e-01 2.141416072845458984e+00 3.733790397644042969e+00
1.309873223304748535e+00 1.074218153953552246e+00 -3.807514667510986328e+00 2.045595407485961914e+00
6.088087558746337891e-01 1.114899277687072754e+00 -2.091506958007812500e+00 1.950663089752197266e+00
3.173167705535888672e+00 3.986466526985168457e-01 1.477228283882141113e+00 4.668408870697021484e+00
6.012050151824951172e+00 9.559273719787597656e-01 3.656851649284362793e-01 5.473208904266357422e+00
2.218914985656738281e+00 1.585303843021392822e-01 1.414084911346435547e+00 3.882754802703857422e+00
4.620826721191406250e+00 1.819420456886291504e-01 2.742316722869873047e+00 5.211789608001708984e+00
4.145210742950439453e+00 -2.967601776123046875e+00 6.357242107391357422e+00 5.342941284179687500e+00
4.434406757354736328e+00 1.019153296947479248e-01 2.376759797334671021e-01 4.908430576324462891e+00
2.400374174118041992e+00 4.207686483860015869e-01 1.451498985290527344e+00 4.054607868194580078e+00
3.963299989700317383e+00 9.690221548080444336e-01 3.963114738464355469e+00 5.456647872924804688e+00
1.149249911308288574e+00 4.799464046955108643e-01 4.411308765411376953e-01 2.705742597579956055e+00
6.755437850952148438e-01 5.150197148323059082e-01 -7.689791917800903320e-01 2.081050634384155273e+00
2.911413669586181641e+00 8.394746184349060059e-01 3.054727613925933838e-02 4.074404239654541016e+00
1.518033862113952637e+00 2.284389138221740723e-01 1.695495367050170898e+00 3.180757761001586914e+00
4.775332212448120117e-01 6.730013489723205566e-01 -6.369777917861938477e-01 1.868934512138366699e+00
1.657493114471435547e+00 7.277907729148864746e-01 -1.001555562019348145e+00 3.364087343215942383e+00
7.046028971672058105e-01 7.957907915115356445e-01 1.403525024652481079e-01 2.283329010009765625e+00
9.251074790954589844e-01 4.009520709514617920e-01 2.170491218566894531e-01 2.496699810028076172e+00
2.095512151718139648e+00 5.084168910980224609e-01 -4.745165705680847168e-01 3.700767517089843750e+00
2.541443824768066406e+00 1.116340637207031250e+00 -1.426311850547790527e+00 3.947338819503784180e+00
2.024166345596313477e+00 7.670680284500122070e-01 -1.370720744132995605e+00 3.548402070999145508e+00
8.362984061241149902e-01 5.620216131210327148e-01 -9.626513719558715820e-01 2.500018596649169922e+00
9.297028183937072754e-01 7.184188961982727051e-01 -1.730375409126281738e+00 2.480739355087280273e+00
7.576170921325683594e+00 3.435336351394653320e+00 -1.727157974243164062e+01 5.739453792572021484e+00
3.718004465103149414e+00 2.020525932312011719e+00 -4.178908348083496094e+00 4.480608940124511719e+00
3.166187286376953125e+00 6.141260862350463867e-01 2.228941917419433594e+00 4.562520503997802734e+00
1.452824831008911133e+00 2.827683389186859131e-01 -8.613736629486083984e-01 3.217065334320068359e+00
5.990577220916748047e+00 2.943080902099609375e+00 -1.222338962554931641e+01 5.515773773193359375e+00
2.488629341125488281e+00 1.876095294952392578e+00 -5.475196838378906250e+00 4.044367313385009766e+00
3.033814430236816406e+00 2.676728725433349609e+00 -9.442979812622070312e+00 4.632216453552246094e+00
1.104668974876403809e+00 7.438234090805053711e-01 -1.536233425140380859e+00 2.828700542449951172e+00
5.553795337677001953e+00 4.165052890777587891e+00 -1.517875957489013672e+01 5.532504558563232422e+00
6.768058538436889648e-01 3.776322901248931885e-01 -7.330268621444702148e-01 2.502071142196655273e+00
1.513370275497436523e+00 1.162822484970092773e+00 -2.822179555892944336e+00 3.411982536315917969e+00
6.838019490242004395e-01 5.110737085342407227e-01 -1.184579730033874512e+00 2.237462997436523438e+00
1.220958709716796875e+00 1.324652910232543945e+00 -4.439002513885498047e+00 3.445787429809570312e+00
1.494637280702590942e-01 4.611277282238006592e-01 4.099224209785461426e-01 2.434410572052001953e+00
2.052124977111816406e+00 2.368716955184936523e+00 -5.968259334564208984e+00 2.929933547973632812e+00
7.904747128486633301e-01 5.109229683876037598e-01 4.115766048431396484e+00 4.031486988067626953e+00
2.112482786178588867e+00 6.207563281059265137e-01 2.393629312515258789e+00 4.129558563232421875e+00
2.307578563690185547e+00 3.253206908702850342e-01 3.596590995788574219e+00 4.556075572967529297e+00
2.201545953750610352e+00 2.334437131881713867e+00 -3.427873134613037109e+00 3.455081462860107422e+00
8.129289150238037109e-01 7.446653842926025391e-01 -1.985615372657775879e+00 2.186198472976684570e+00
1.085572123527526855e+00 -2.804638445377349854e-01 4.538211822509765625e+00 3.938986301422119141e+00
3.415400981903076172e-01 1.300846695899963379e+00 -2.318046569824218750e+00 1.726805090904235840e+00
1.881714105606079102e+00 -2.332972362637519836e-02 3.846799135208129883e+00 4.206846714019775391e+00
2.320058584213256836e+00 3.154186904430389404e-01 1.691367745399475098e+00 4.068242549896240234e+00
1.353352189064025879e+00 6.491796672344207764e-02 3.292116641998291016e+00 3.844172954559326172e+00
5.685313224792480469e+00 -8.211870789527893066e-01 6.240795612335205078e+00 5.472186565399169922e+00
4.131244182586669922e+00 1.430565118789672852e-01 7.970361113548278809e-01 5.008785724639892578e+00
1.544063210487365723e+00 -2.019164413213729858e-01 1.543598890304565430e+00 3.512775659561157227e+00
5.657751083374023438e+00 -1.024750709533691406e+00 5.349731445312500000e+00 5.753143787384033203e+00
8.045244812965393066e-01 7.012646794319152832e-01 4.156777381896972656e+00 4.260167598724365234e+00
1.411793112754821777e+00 -6.714962422847747803e-02 1.937549471855163574e+00 3.016982793807983398e+00
5.157812118530273438e+00 5.255379676818847656e-01 -1.080206155776977539e+00 5.050518989562988281e+00
1.623592495918273926e+00 4.527003169059753418e-01 9.694079160690307617e-01 3.444501638412475586e+00
2.245113372802734375e+00 -1.804470568895339966e-01 3.331598639488220215e-01 3.818740844726562500e+00
2.333008289337158203e+00 2.241415828466415405e-01 1.672417044639587402e+00 3.888525485992431641e+00
5.144283294677734375e+00 1.420885086059570312e+00 -3.145836114883422852e+00 5.249870777130126953e+00
2.234599351882934570e+00 8.084875941276550293e-01 2.907671213150024414e+00 4.258515834808349609e+00
2.253091573715209961e+00 6.101509928703308105e-01 9.116179347038269043e-01 3.849188327789306641e+00
2.713721513748168945e+00 5.160337686538696289e-01 4.925242066383361816e-01 4.345288276672363281e+00
2.075701713562011719e+00 -4.065945446491241455e-01 3.603176593780517578e+00 4.347640991210937500e+00
4.201763629913330078e+00 1.493454337120056152e+00 -3.219468832015991211e+00 4.850361347198486328e+00
4.999758243560791016e+00 1.260900974273681641e+00 -7.628785610198974609e+00 5.084417343139648438e+00
1.561823248863220215e+00 3.254786133766174316e-01 -4.519931674003601074e-01 3.089720964431762695e+00
3.707834482192993164e+00 1.554590344429016113e+00 -3.646600246429443359e+00 4.696455955505371094e+00
4.654017984867095947e-01 8.892028331756591797e-01 -2.463133335113525391e+00 1.760808110237121582e+00
4.372918605804443359e+00 1.061907410621643066e+00 -3.410758495330810547e+00 5.059141159057617188e+00
1.610971808433532715e+00 6.102553606033325195e-01 -2.000323057174682617e+00 3.138621568679809570e+00
1.992520928382873535e+00 7.584746479988098145e-01 2.457170039415359497e-01 4.047973155975341797e+00
8.278758525848388672e-01 2.832061648368835449e-01 -1.061574459075927734e+00 2.400010824203491211e+00
1.353350639343261719e+00 7.045203447341918945e-01 -1.479394316673278809e+00 3.349148988723754883e+00
3.367455482482910156e+00 2.037620782852172852e+00 -5.936427116394042969e+00 4.348911762237548828e+00
2.140426397323608398e+00 2.436102628707885742e+00 -6.972135066986083984e+00 4.546059131622314453e+00
8.403367996215820312e-01 4.325701892375946045e-01 -7.782871723175048828e-01 2.403895378112792969e+00
2.351466417312622070e+00 8.395060896873474121e-01 -3.994269967079162598e-01 3.985103130340576172e+00
5.799328088760375977e-01 1.190424114465713501e-01 6.739985346794128418e-01 1.830480456352233887e+00
2.947277545928955078e+00 2.087734460830688477e+00 -5.947413444519042969e+00 4.302433490753173828e+00
1.806492686271667480e+00 8.855804800987243652e-01 -1.682875514030456543e+00 3.494572877883911133e+00
1.502881407737731934e+00 7.489687204360961914e-01 -1.003788948059082031e+00 3.333543300628662109e+00
1.087965369224548340e+00 1.327643394470214844e+00 -4.457362651824951172e+00 3.440448999404907227e+00
2.504230022430419922e+00 2.778797149658203125e+00 -5.380529880523681641e+00 3.736247777938842773e+00
-3.058723732829093933e-02 -5.096345394849777222e-02 2.085961103439331055e+00 2.362623929977416992e+00
1.245918631553649902e+00 -4.463891685009002686e-01 4.443456172943115234e+00 4.161492347717285156e+00
5.844861268997192383e-01 5.154045820236206055e-01 5.605188608169555664e-01 2.708861589431762695e+00
9.593294858932495117e-01 1.013049244880676270e+00 -3.606638908386230469e+00 1.955645442008972168e+00
1.191120147705078125e+00 6.859295815229415894e-02 3.077551126480102539e+00 3.830610513687133789e+00
6.741493344306945801e-01 -9.589027613401412964e-02 4.954734325408935547e+00 3.759246826171875000e+00
1.343387216329574585e-01 -1.405602455139160156e+00 6.981627941131591797e+00 4.094213962554931641e+00
2.179915189743041992e+00 -1.347383707761764526e-01 3.313092470169067383e+00 4.002707004547119141e+00
2.241679906845092773e+00 -4.711728096008300781e+00 1.275253105163574219e+01 5.106241703033447266e+00
1.305859923362731934e+00 8.357942700386047363e-01 -4.581828713417053223e-01 3.166436910629272461e+00
2.164147377014160156e+00 -1.513709187507629395e+00 8.738288879394531250e+00 4.490261077880859375e+00
1.752422332763671875e+00 -2.162980847060680389e-02 5.863721370697021484e+00 4.524452686309814453e+00
5.165468692779541016e+00 4.119323194026947021e-01 2.713610529899597168e-01 4.900747299194335938e+00
5.123972415924072266e+00 -1.549160480499267578e+00 1.513474225997924805e+00 5.313377857208251953e+00
1.818573713302612305e+00 -4.405545294284820557e-01 2.354042291641235352e+00 3.455594301223754883e+00
3.101226568222045898e+00 -1.463892906904220581e-01 2.447544813156127930e+00 4.363118171691894531e+00
5.345122337341308594e+00 -8.479407429695129395e-01 5.723097324371337891e+00 5.444812774658203125e+00
4.261838436126708984e+00 1.669106245040893555e+00 2.439066648483276367e+00 5.267085075378417969e+00
3.202407836914062500e+00 -7.487096786499023438e-01 6.098852753639221191e-01 4.519596099853515625e+00
1.673171639442443848e+00 1.503628045320510864e-01 8.916938304901123047e-01 3.419126749038696289e+00
1.333801746368408203e+00 -1.253917962312698364e-01 1.778361558914184570e+00 2.984119653701782227e+00
1.671817660331726074e+00 3.724839687347412109e-01 1.215648531913757324e+00 3.071956872940063477e+00
1.569200873374938965e+00 1.822217702865600586e-01 1.196377515792846680e+00 3.393768787384033203e+00
1.792357325553894043e+00 1.484299451112747192e-01 1.482231974601745605e+00 3.329413652420043945e+00
6.021020412445068359e+00 3.856286406517028809e-01 -4.630788803100585938e+00 5.670037746429443359e+00
1.851516246795654297e+00 -2.186674810945987701e-02 -4.545340687036514282e-02 3.781098604202270508e+00
2.944284915924072266e+00 2.781037390232086182e-01 5.901456475257873535e-01 4.333204269409179688e+00
1.600776553153991699e+00 -1.203707456588745117e-01 -8.176895231008529663e-02 3.366508007049560547e+00
3.524795293807983398e+00 1.166234612464904785e+00 -3.522806406021118164e+00 4.643745899200439453e+00
1.712606668472290039e+00 2.388404905796051025e-01 1.256579399108886719e+00 3.331222057342529297e+00
1.515222907066345215e+00 2.306525558233261108e-01 -2.210232913494110107e-01 3.512994527816772461e+00
6.787119865417480469e+00 9.887260794639587402e-01 -5.249577999114990234e+00 5.749971389770507812e+00
3.703764677047729492e+00 8.081953525543212891e-01 -1.652296304702758789e+00 4.816495418548583984e+00
3.349011182785034180e+00 1.344596982002258301e+00 -2.689430952072143555e+00 4.357496738433837891e+00
3.111636638641357422e+00 1.702726364135742188e+00 -5.139695167541503906e+00 4.389316558837890625e+00
1.494242429733276367e+00 7.798298001289367676e-01 -9.508295655250549316e-01 3.335974216461181641e+00
4.980949878692626953e+00 2.031678438186645508e+00 -8.297202110290527344e+00 5.315070152282714844e+00
2.562714338302612305e+00 5.076475739479064941e-01 -3.521414995193481445e+00 4.317643165588378906e+00
3.111826181411743164e+00 1.273801922798156738e+00 -4.225834846496582031e+00 4.560014724731445312e+00
4.796347618103027344e+00 2.332025289535522461e+00 -4.544214725494384766e+00 5.033264160156250000e+00
1.330298542976379395e+00 3.465249836444854736e-01 -3.869602382183074951e-01 3.181411504745483398e+00
3.677424907684326172e+00 2.104134321212768555e+00 -8.223686218261718750e+00 4.882142543792724609e+00
4.834885120391845703e+00 3.068858623504638672e+00 -1.426055812835693359e+01 5.572238922119140625e+00
8.418195843696594238e-01 6.106944680213928223e-01 -1.695741415023803711e+00 2.746067762374877930e+00
4.940518140792846680e-01 8.651284873485565186e-02 -1.791417300701141357e-01 1.929493546485900879e+00
2.524556815624237061e-01 4.208452403545379639e-01 -1.178195118904113770e+00 1.625988483428955078e+00
3.019053936004638672e-01 4.777322113513946533e-01 -1.405940771102905273e+00 1.935901880264282227e+00
4.598830640316009521e-01 6.049934029579162598e-01 -2.030221462249755859e+00 2.525927543640136719e+00
3.230780065059661865e-01 3.497567474842071533e-01 -5.071851611137390137e-01 1.903672575950622559e+00
3.537954688072204590e-01 4.611265063285827637e-01 -1.463571548461914062e+00 1.907281041145324707e+00
3.599197268486022949e-01 4.304860234260559082e-01 -1.348231911659240723e+00 1.586320042610168457e+00
4.982674121856689453e-01 3.395439684391021729e-01 -6.766163706779479980e-01 1.995694637298583984e+00
8.310016989707946777e-01 9.190331697463989258e-01 -2.833559036254882812e+00 2.673303365707397461e+00
6.966777443885803223e-01 8.892806172370910645e-01 -2.997956275939941406e+00 2.517754554748535156e+00
3.174126148223876953e-01 1.525459885597229004e-01 -8.599916100502014160e-02 1.384577751159667969e+00
4.282834529876708984e-01 4.864244163036346436e-01 -1.158434629440307617e+00 1.746572017669677734e+00
8.652485013008117676e-01 9.445312619209289551e-01 -2.332743406295776367e+00 2.659661531448364258e+00
5.947591662406921387e-01 9.194959402084350586e-01 -3.696196317672729492e+00 2.731888532638549805e+00
3.917317688465118408e-01 4.039990305900573730e-01 -9.914552569389343262e-01 1.532808423042297363e+00
3.054748475551605225e-01 -4.764369223266839981e-03 6.858690381050109863e-01 2.384475946426391602e+00
7.535849213600158691e-01 3.945702612400054932e-01 -1.062128782272338867e+00 2.654580593109130859e+00
9.522875547409057617e-01 8.228186368942260742e-01 -1.808101773262023926e+00 3.394826650619506836e+00
3.328529298305511475e-01 8.358258605003356934e-01 -3.237791538238525391e+00 2.452500820159912109e+00
3.243976831436157227e-01 4.451240599155426025e-01 -1.160722136497497559e+00 1.806093454360961914e+00
2.166089415550231934e-01 1.879149824380874634e-01 -2.980507314205169678e-01 1.210672378540039062e+00
4.315042495727539062e-01 3.949977755546569824e-01 -1.390795946121215820e+00 2.491964578628540039e+00
3.495124876499176025e-01 1.388460695743560791e-01 2.689977586269378662e-01 1.696553826332092285e+00
2.684098184108734131e-01 1.121599003672599792e-01 6.308319419622421265e-02 1.150402545928955078e+00
2.757794857025146484e-01 6.413747072219848633e-01 -2.463951587677001953e+00 1.747975587844848633e+00
3.206267356872558594e-01 1.889749765396118164e-01 1.120884343981742859e-02 1.587049722671508789e+00
1.172711253166198730e+00 1.138360023498535156e+00 -3.507418870925903320e+00 3.482259511947631836e+00
4.466845393180847168e-01 2.719537317752838135e-01 -2.359040528535842896e-01 1.548722505569458008e+00
6.273305416107177734e-01 9.530242681503295898e-01 -2.854966163635253906e+00 2.575282812118530273e+00
7.122763395309448242e-01 8.886499404907226562e-01 -2.704126119613647461e+00 2.599569559097290039e+00
3.645540773868560791e-01 3.609931170940399170e-01 -1.857964038848876953e+00 1.803172230720520020e+00
6.868935823440551758e-01 7.886850833892822266e-01 -2.060953855514526367e+00 2.155213356018066406e+00
5.121573805809020996e-01 4.696729481220245361e-01 -1.388473033905029297e+00 1.905762195587158203e+00
3.253581225872039795e-01 6.347655653953552246e-01 -2.116604328155517578e+00 2.160260438919067383e+00
7.819724678993225098e-01 8.735433816909790039e-01 -3.132645606994628906e+00 2.975118160247802734e+00
5.642984434962272644e-02 2.338832914829254150e-01 -9.485009312629699707e-01 9.496272802352905273e-01
6.836489439010620117e-01 7.828098535537719727e-01 -3.146967887878417969e+00 2.889931917190551758e+00
4.565020203590393066e-01 4.194321036338806152e-01 -9.766342639923095703e-01 2.324970960617065430e+00
4.390023052692413330e-01 2.461217939853668213e-01 -2.715257406234741211e-01 1.717686414718627930e+00
2.628462016582489014e-01 3.878688216209411621e-01 -1.351004362106323242e+00 1.680333018302917480e+00
7.450586557388305664e-01 5.123028159141540527e-01 -1.831650257110595703e+00 2.674611091613769531e+00
3.596178591251373291e-01 4.349876344203948975e-01 -1.352351546287536621e+00 1.733605504035949707e+00
1.832179188728332520e+00 1.709088683128356934e+00 -5.082192897796630859e+00 3.734909296035766602e+00
3.626368045806884766e-01 6.174033880233764648e-01 -2.740818500518798828e+00 2.047346830368041992e+00
3.869756758213043213e-01 7.349513769149780273e-01 -3.187817811965942383e+00 2.451864480972290039e+00
7.440636157989501953e-01 9.985116124153137207e-01 -2.573855876922607422e+00 3.314629077911376953e+00
3.180209398269653320e-01 2.716124951839447021e-01 -6.259618997573852539e-01 1.520999431610107422e+00
1.161705106496810913e-01 1.821563392877578735e-01 -5.537974834442138672e-01 9.172952175140380859e-01
2.759220544248819351e-03 2.418020069599151611e-01 -1.008257508277893066e+00 6.434060335159301758e-01
3.223876357078552246e-01 4.348281025886535645e-01 -1.344802379608154297e+00 1.493195533752441406e+00
7.770999670028686523e-01 1.101824045181274414e+00 -3.820583581924438477e+00 2.869528055191040039e+00
2.813913822174072266e-01 2.414953708648681641e-01 -6.504753828048706055e-01 1.321471571922302246e+00
5.423642992973327637e-01 3.078449070453643799e-01 -1.485432088375091553e-01 1.822541236877441406e+00
9.720731377601623535e-01 9.862075448036193848e-01 -4.214907646179199219e+00 2.980471849441528320e+00
3.455937504768371582e-01 3.646218776702880859e-01 -1.768707394599914551e+00 2.033201456069946289e+00
5.642232298851013184e-01 3.472598791122436523e-01 -4.984203875064849854e-01 1.891886353492736816e+00
2.725545763969421387e-01 1.740798205137252808e-01 -2.654223144054412842e-02 1.321820259094238281e+00
3.687107264995574951e-01 3.309734165668487549e-01 -6.834656596183776855e-01 1.360449314117431641e+00
5.739070773124694824e-01 9.037064313888549805e-01 -3.445946931838989258e+00 2.588191747665405273e+00
4.505139887332916260e-01 4.059280753135681152e-01 -7.677133679389953613e-01 1.803339242935180664e+00
6.515895724296569824e-01 7.646720409393310547e-01 -1.910891652107238770e+00 2.459908008575439453e+00
2.121474295854568481e-01 3.683386743068695068e-01 -1.444278001785278320e+00 1.659844517707824707e+00
1.761586070060729980e-01 1.033688634634017944e-01 -3.814487159252166748e-01 8.261049389839172363e-01
4.459419846534729004e-01 4.601048827171325684e-01 -1.366400122642517090e+00 2.107356786727905273e+00
6.310404539108276367e-01 7.189169526100158691e-01 -1.650682687759399414e+00 2.099768638610839844e+00
2.462241053581237793e-02 2.505973577499389648e-01 -1.060032963752746582e+00 7.615154981613159180e-01
9.724735617637634277e-01 7.397032976150512695e-01 -1.406886458396911621e+00 2.642376184463500977e+00
2.009762823581695557e-01 4.701797962188720703e-01 -1.672638654708862305e+00 1.810427546501159668e+00
8.651543855667114258e-01 7.815276384353637695e-01 -2.849813461303710938e+00 2.921188116073608398e+00
4.162245094776153564e-01 7.469875812530517578e-01 -2.970704317092895508e+00 2.415314912796020508e+00
3.314041197299957275e-01 2.956711053848266602e-01 -5.645743608474731445e-01 1.819541215896606445e+00
6.890312433242797852e-01 6.652303934097290039e-01 -1.548311114311218262e+00 2.353175401687622070e+00
3.118334114551544189e-01 5.712243318557739258e-01 -2.588305950164794922e+00 1.963329434394836426e+00
8.539098501205444336e-01 1.568171262741088867e+00 -5.029659748077392578e+00 3.243390560150146484e+00
3.886287212371826172e-01 1.556173861026763916e-01 -8.694186210632324219e-01 2.088232278823852539e+00
2.782148122787475586e-01 2.382245659828186035e-01 -6.415435075759887695e-01 1.378860473632812500e+00
2.777324914932250977e+00 3.558458387851715088e-01 5.264517664909362793e-01 4.674598693847656250e+00
2.097843170166015625e+00 -2.751257658004760742e+00 7.058228015899658203e+00 4.370229244232177734e+00
9.416699409484863281e-01 9.728993773460388184e-01 -1.186381697654724121e+00 2.547560930252075195e+00
3.192704439163208008e+00 1.350316882133483887e+00 -8.184031486511230469e+00 4.975485324859619141e+00
1.797662019729614258e+00 2.012802124023437500e+00 -3.155759096145629883e+00 3.356137037277221680e+00
2.142977476119995117e+00 -1.356064379215240479e-01 2.142958164215087891e+00 4.093353748321533203e+00
3.122867643833160400e-01 4.022461473941802979e-01 7.534673213958740234e-01 2.553350687026977539e+00
4.793796539306640625e+00 2.707057237625122070e+00 -7.059576988220214844e+00 3.935257434844970703e+00
4.382694244384765625e+00 -5.982905387878417969e+00 8.249660491943359375e+00 4.921672821044921875e+00
7.154276847839355469e+00 9.682211875915527344e+00 -2.647520828247070312e+01 5.216101646423339844e+00
6.045030951499938965e-01 -5.395076751708984375e+00 1.759194755554199219e+01 5.190467357635498047e+00
5.851933956146240234e-01 4.472233355045318604e-01 7.041261792182922363e-01 2.748922109603881836e+00
8.083275556564331055e-01 -1.897743821144104004e+00 5.555416107177734375e+00 3.934696435928344727e+00
1.616771817207336426e+00 8.779829740524291992e-01 8.747018575668334961e-01 3.367206335067749023e+00
1.340946793556213379e+00 -1.258540391921997070e+00 6.535589218139648438e+00 4.767228603363037109e+00
2.586126327514648438e+00 -2.994937896728515625e+00 8.631141662597656250e+00 5.094250679016113281e+00
7.610226869583129883e-01 -7.645039081573486328e+00 1.503624916076660156e+01 4.365116119384765625e+00
1.344822883605957031e+00 -2.122894763946533203e+00 5.283268451690673828e+00 4.057043552398681641e+00
