9.249963760375976562e-01 -9.206691741943359375e+00 4.512713241577148438e+01 -2.088995056152343750e+02 3.942332565784454346e-01 2.818601074218750000e+02
9.154290556907653809e-01 -9.214386940002441406e+00 4.511203002929687500e+01 -2.089221343994140625e+02 3.986118435859680176e-01 2.819210205078125000e+02
9.291920065879821777e-01 -9.183034896850585938e+00 4.513037490844726562e+01 -2.089262847900390625e+02 4.015579819679260254e-01 2.819371032714843750e+02
9.207686781883239746e-01 -9.159793853759765625e+00 4.513664627075195312e+01 -2.089423522949218750e+02 4.004809260368347168e-01 2.819739990234375000e+02
9.237791299819946289e-01 -9.159802436828613281e+00 4.515552139282226562e+01 -2.089450225830078125e+02 4.013675451278686523e-01 2.820028381347656250e+02
9.264910221099853516e-01 -9.167637825012207031e+00 4.515542221069335938e+01 -2.089636840820312500e+02 4.021651744842529297e-01 2.820395507812500000e+02
9.248929023742675781e-01 -9.173783302307128906e+00 4.515961074829101562e+01 -2.089800109863281250e+02 4.009861946105957031e-01 2.820695495605468750e+02
9.254854321479797363e-01 -9.184333801269531250e+00 4.517107391357421875e+01 -2.089889678955078125e+02 4.006476402282714844e-01 2.820945739746093750e+02
9.258726239204406738e-01 -9.187252044677734375e+00 4.518098449707031250e+01 -2.090025939941406250e+02 4.008655250072479248e-01 2.821137084960937500e+02
9.279483556747436523e-01 -9.192955017089843750e+00 4.519344711303710938e+01 -2.090126342773437500e+02 4.013888239860534668e-01 2.821383972167968750e+02
9.287808537483215332e-01 -9.202207565307617188e+00 4.520508575439453125e+01 -2.090235748291015625e+02 4.018846750259399414e-01 2.821623535156250000e+02
9.273522496223449707e-01 -9.203938484191894531e+00 4.520816421508789062e+01 -2.090437469482421875e+02 3.978272378444671631e-01 2.821782836914062500e+02
9.271285533905029297e-01 -9.202890396118164062e+00 4.522491073608398438e+01 -2.090514373779296875e+02 3.999202847480773926e-01 2.821925048828125000e+02
9.299368858337402344e-01 -9.209346771240234375e+00 4.523742675781250000e+01 -2.090607147216796875e+02 4.014819860458374023e-01 2.822147521972656250e+02
9.307270646095275879e-01 -9.215369224548339844e+00 4.524913024902343750e+01 -2.090714416503906250e+02 4.004895389080047607e-01 2.822309875488281250e+02
9.313869476318359375e-01 -9.219510078430175781e+00 4.525833511352539062e+01 -2.090848846435546875e+02 4.003012776374816895e-01 2.822488403320312500e+02
9.305108189582824707e-01 -9.215479850769042969e+00 4.526602935791015625e+01 -2.091004791259765625e+02 4.010558724403381348e-01 2.822649536132812500e+02
9.322676062583923340e-01 -9.223983764648437500e+00 4.527864837646484375e+01 -2.091096191406250000e+02 3.995558023452758789e-01 2.822866210937500000e+02
9.306022524833679199e-01 -9.222112655639648438e+00 4.528792572021484375e+01 -2.091245117187500000e+02 4.012192189693450928e-01 2.823046264648437500e+02
9.321661591529846191e-01 -9.233159065246582031e+00 4.530797958374023438e+01 -2.091261444091796875e+02 4.005455076694488525e-01 2.823180847167968750e+02
9.334818720817565918e-01 -9.225526809692382812e+00 4.530262756347656250e+01 -2.091549072265625000e+02 3.987121880054473877e-01 2.823412170410156250e+02
9.317877888679504395e-01 -9.231726646423339844e+00 4.532333755493164062e+01 -2.091548156738281250e+02 4.013331532478332520e-01 2.823600769042968750e+02
9.331811070442199707e-01 -9.234962463378906250e+00 4.534547042846679688e+01 -2.091548004150390625e+02 4.006783664226531982e-01 2.823885498046875000e+02
9.343240857124328613e-01 -9.233868598937988281e+00 4.534580230712890625e+01 -2.091756134033203125e+02 3.992899656295776367e-01 2.824096984863281250e+02
9.346573352813720703e-01 -9.236217498779296875e+00 4.535259246826171875e+01 -2.091894989013671875e+02 4.006409049034118652e-01 2.824304504394531250e+02
9.369807243347167969e-01 -9.234025955200195312e+00 4.536969375610351562e+01 -2.091942138671875000e+02 3.990906476974487305e-01 2.824536132812500000e+02
9.367470145225524902e-01 -9.241367340087890625e+00 4.538600921630859375e+01 -2.091980743408203125e+02 4.022908508777618408e-01 2.824730834960937500e+02
9.360172152519226074e-01 -9.240451812744140625e+00 4.538529968261718750e+01 -2.092174682617187500e+02 4.011197686195373535e-01 2.824946289062500000e+02
9.363095164299011230e-01 -9.237926483154296875e+00 4.539171600341796875e+01 -2.092323455810546875e+02 3.979862034320831299e-01 2.825188598632812500e+02
9.354070425033569336e-01 -9.242143630981445312e+00 4.540727615356445312e+01 -2.092366638183593750e+02 4.036410152912139893e-01 2.825507507324218750e+02
9.376618862152099609e-01 -9.231018066406250000e+00 4.541609954833984375e+01 -2.092498168945312500e+02 3.958754837512969971e-01 2.825649108886718750e+02
9.342377781867980957e-01 -9.244976043701171875e+00 4.544061660766601562e+01 -2.092428741455078125e+02 3.992308974266052246e-01 2.825926818847656250e+02
9.393125772476196289e-01 -9.238792419433593750e+00 4.543592834472656250e+01 -2.092665100097656250e+02 3.985930681228637695e-01 2.826167907714843750e+02
9.365138411521911621e-01 -9.244278907775878906e+00 4.544610595703125000e+01 -2.092738037109375000e+02 4.018045067787170410e-01 2.826427307128906250e+02
9.407282471656799316e-01 -9.236621856689453125e+00 4.546639251708984375e+01 -2.092744140625000000e+02 3.983021080493927002e-01 2.826647033691406250e+02
9.398754239082336426e-01 -9.238794326782226562e+00 4.547471237182617188e+01 -2.092836303710937500e+02 4.008826315402984619e-01 2.826927490234375000e+02
9.393479228019714355e-01 -9.242547035217285156e+00 4.548297119140625000e+01 -2.092920227050781250e+02 3.974643647670745850e-01 2.827203979492187500e+02
9.384415745735168457e-01 -9.238881111145019531e+00 4.549106979370117188e+01 -2.093007202148437500e+02 4.017922282218933105e-01 2.827471923828125000e+02
9.405330419540405273e-01 -9.255429267883300781e+00 4.550167083740234375e+01 -2.093036499023437500e+02 3.976530134677886963e-01 2.827716369628906250e+02
9.417614340782165527e-01 -9.234320640563964844e+00 4.552565765380859375e+01 -2.093029174804687500e+02 4.034810960292816162e-01 2.828051757812500000e+02
9.421684145927429199e-01 -9.232357978820800781e+00 4.552961349487304688e+01 -2.093072509765625000e+02 4.020392000675201416e-01 2.828167419433593750e+02
9.407675266265869141e-01 -9.238409042358398438e+00 4.552454757690429688e+01 -2.093184356689453125e+02 4.008746445178985596e-01 2.828241271972656250e+02
9.420946240425109863e-01 -9.237551689147949219e+00 4.552138519287109375e+01 -2.093295593261718750e+02 4.020209610462188721e-01 2.828448486328125000e+02
9.423059821128845215e-01 -9.236815452575683594e+00 4.552281570434570312e+01 -2.093367767333984375e+02 4.009179472923278809e-01 2.828540649414062500e+02
9.424089193344116211e-01 -9.234745025634765625e+00 4.552524566650390625e+01 -2.093435058593750000e+02 3.999382555484771729e-01 2.828621826171875000e+02
9.428111910820007324e-01 -9.235077857971191406e+00 4.552561950683593750e+01 -2.093517150878906250e+02 3.998998105525970459e-01 2.828821411132812500e+02
9.434415698051452637e-01 -9.233814239501953125e+00 4.552479171752929688e+01 -2.093610229492187500e+02 4.020842909812927246e-01 2.828986816406250000e+02
9.429202675819396973e-01 -9.229857444763183594e+00 4.552274322509765625e+01 -2.093722686767578125e+02 4.006684422492980957e-01 2.829078369140625000e+02
9.428246021270751953e-01 -9.235429763793945312e+00 4.552315521240234375e+01 -2.093796386718750000e+02 3.992055952548980713e-01 2.829183959960937500e+02
9.443891048431396484e-01 -9.233211517333984375e+00 4.552306365966796875e+01 -2.093893432617187500e+02 4.003994464874267578e-01 2.829408874511718750e+02
9.448649287223815918e-01 -9.229270935058593750e+00 4.552194595336914062e+01 -2.094000854492187500e+02 4.007748663425445557e-01 2.829560241699218750e+02
9.441901445388793945e-01 -9.231796264648437500e+00 4.552340698242187500e+01 -2.094067687988281250e+02 3.991343080997467041e-01 2.829683837890625000e+02
9.441990852355957031e-01 -9.233221054077148438e+00 4.552064895629882812e+01 -2.094178771972656250e+02 3.982964158058166504e-01 2.829833984375000000e+02
9.460978507995605469e-01 -9.233615875244140625e+00 4.551902770996093750e+01 -2.094284820556640625e+02 3.995226919651031494e-01 2.829996337890625000e+02
9.453778862953186035e-01 -9.234271049499511719e+00 4.551869583129882812e+01 -2.094376220703125000e+02 3.982317745685577393e-01 2.830072326660156250e+02
9.452490806579589844e-01 -9.230097770690917969e+00 4.551890945434570312e+01 -2.094478912353515625e+02 4.008191227912902832e-01 2.830265197753906250e+02
9.458095431327819824e-01 -9.227416038513183594e+00 4.551831054687500000e+01 -2.094580688476562500e+02 3.997340202331542969e-01 2.830387268066406250e+02
9.463785290718078613e-01 -9.230507850646972656e+00 4.551627349853515625e+01 -2.094682464599609375e+02 4.005424678325653076e-01 2.830479431152343750e+02
9.470608234405517578e-01 -9.230787277221679688e+00 4.551463699340820312e+01 -2.094789581298828125e+02 4.002211093902587891e-01 2.830648498535156250e+02
9.467619061470031738e-01 -9.231133460998535156e+00 4.551271820068359375e+01 -2.094901580810546875e+02 3.996041417121887207e-01 2.830779724121093750e+02
9.463980793952941895e-01 -9.230192184448242188e+00 4.551193237304687500e+01 -2.095009918212890625e+02 3.998336493968963623e-01 2.830970458984375000e+02
9.471179246902465820e-01 -9.227298736572265625e+00 4.551204299926757812e+01 -2.095109710693359375e+02 3.992779254913330078e-01 2.831067199707031250e+02
9.479644894599914551e-01 -9.225472450256347656e+00 4.551138687133789062e+01 -2.095213317871093750e+02 4.014999270439147949e-01 2.831333007812500000e+02
9.477846622467041016e-01 -9.228869438171386719e+00 4.550670623779296875e+01 -2.095337677001953125e+02 4.010802507400512695e-01 2.831400146484375000e+02
9.472697377204895020e-01 -9.231132507324218750e+00 4.550691986083984375e+01 -2.095431823730468750e+02 3.999559283256530762e-01 2.831533813476562500e+02
9.471764564514160156e-01 -9.229913711547851562e+00 4.550526046752929688e+01 -2.095550994873046875e+02 3.988608121871948242e-01 2.831687622070312500e+02
9.480655789375305176e-01 -9.226842880249023438e+00 4.550229644775390625e+01 -2.095685272216796875e+02 4.002597033977508545e-01 2.831822509765625000e+02
9.487144947052001953e-01 -9.224839210510253906e+00 4.550185775756835938e+01 -2.095790405273437500e+02 4.001529514789581299e-01 2.831948547363281250e+02
9.490622878074645996e-01 -9.225519180297851562e+00 4.550088882446289062e+01 -2.095895233154296875e+02 4.004677832126617432e-01 2.832121276855468750e+02
9.499830603599548340e-01 -9.229900360107421875e+00 4.549789428710937500e+01 -2.096013946533203125e+02 3.994779884815216064e-01 2.832249755859375000e+02
9.503147006034851074e-01 -9.226876258850097656e+00 4.549651336669921875e+01 -2.096139068603515625e+02 3.998374342918395996e-01 2.832426757812500000e+02
9.495775103569030762e-01 -9.225670814514160156e+00 4.549511337280273438e+01 -2.096252746582031250e+02 3.993741869926452637e-01 2.832548217773437500e+02
9.495795369148254395e-01 -9.221357345581054688e+00 4.549401473999023438e+01 -2.096370849609375000e+02 3.990730643272399902e-01 2.832692260742187500e+02
9.495836496353149414e-01 -9.227406501770019531e+00 4.549234771728515625e+01 -2.096470489501953125e+02 4.007114768028259277e-01 2.832821044921875000e+02
9.498422145843505859e-01 -9.224043846130371094e+00 4.548787689208984375e+01 -2.096613922119140625e+02 3.986665904521942139e-01 2.832923583984375000e+02
9.512877464294433594e-01 -9.226612091064453125e+00 4.548092269897460938e+01 -2.096780395507812500e+02 4.006842672824859619e-01 2.833114013671875000e+02
9.513375759124755859e-01 -9.226766586303710938e+00 4.548221206665039062e+01 -2.096872711181640625e+02 3.997266292572021484e-01 2.833257141113281250e+02
9.513072967529296875e-01 -9.226162910461425781e+00 4.548167419433593750e+01 -2.096979064941406250e+02 3.999851644039154053e-01 2.833412780761718750e+02
9.520521759986877441e-01 -9.223116874694824219e+00 4.548007202148437500e+01 -2.097106170654296875e+02 3.997722566127777100e-01 2.833572082519531250e+02
9.524516463279724121e-01 -9.221804618835449219e+00 4.547775268554687500e+01 -2.097234039306640625e+02 3.999041616916656494e-01 2.833714904785156250e+02
9.518737196922302246e-01 -9.224835395812988281e+00 4.547458648681640625e+01 -2.097356109619140625e+02 3.996965289115905762e-01 2.833905334472656250e+02
9.516577124595642090e-01 -9.223134994506835938e+00 4.547286224365234375e+01 -2.097485961914062500e+02 4.006394147872924805e-01 2.834058532714843750e+02
9.522650837898254395e-01 -9.226043701171875000e+00 4.546942520141601562e+01 -2.097615203857421875e+02 4.002893567085266113e-01 2.834219970703125000e+02
9.531943798065185547e-01 -9.222556114196777344e+00 4.546559906005859375e+01 -2.097765350341796875e+02 3.997755050659179688e-01 2.834310607910156250e+02
9.542542695999145508e-01 -9.220904350280761719e+00 4.546665573120117188e+01 -2.097866210937500000e+02 4.003238081932067871e-01 2.834450378417968750e+02
9.538159966468811035e-01 -9.221471786499023438e+00 4.546138763427734375e+01 -2.098019866943359375e+02 4.002943933010101318e-01 2.834586486816406250e+02
9.537542462348937988e-01 -9.221302986145019531e+00 4.545690536499023438e+01 -2.098162841796875000e+02 4.013589322566986084e-01 2.834787597656250000e+02
9.546909928321838379e-01 -9.222026824951171875e+00 4.545866394042968750e+01 -2.098256988525390625e+02 3.995477259159088135e-01 2.834935302734375000e+02
9.558443427085876465e-01 -9.220126152038574219e+00 4.545387268066406250e+01 -2.098407440185546875e+02 3.980304896831512451e-01 2.835072937011718750e+02
9.542226195335388184e-01 -9.220099449157714844e+00 4.544851303100585938e+01 -2.098562622070312500e+02 4.000627994537353516e-01 2.835252075195312500e+02
9.557267427444458008e-01 -9.221216201782226562e+00 4.544783020019531250e+01 -2.098674468994140625e+02 4.012429118156433105e-01 2.835390319824218750e+02
9.562601447105407715e-01 -9.222535133361816406e+00 4.544466781616210938e+01 -2.098811187744140625e+02 3.995779156684875488e-01 2.835481567382812500e+02
9.559212923049926758e-01 -9.220423698425292969e+00 4.543856048583984375e+01 -2.098984069824218750e+02 3.984091281890869141e-01 2.835635681152343750e+02
9.563012719154357910e-01 -9.222489356994628906e+00 4.543829345703125000e+01 -2.099093170166015625e+02 3.988089561462402344e-01 2.835824279785156250e+02
9.566811919212341309e-01 -9.222792625427246094e+00 4.543656539916992188e+01 -2.099213409423828125e+02 3.990791141986846924e-01 2.835941467285156250e+02
9.577310085296630859e-01 -9.216358184814453125e+00 4.543020629882812500e+01 -2.099399566650390625e+02 3.992660343647003174e-01 2.836059265136718750e+02
9.584185481071472168e-01 -9.217380523681640625e+00 4.543371963500976562e+01 -2.099472198486328125e+02 4.007898569107055664e-01 2.836228332519531250e+02
9.593188762664794922e-01 -9.220640182495117188e+00 4.543075180053710938e+01 -2.099605865478515625e+02 4.027529358863830566e-01 2.836399841308593750e+02
9.601868391036987305e-01 -9.218866348266601562e+00 4.542147445678710938e+01 -2.099802093505859375e+02 4.026791453361511230e-01 2.836546325683593750e+02
9.598621129989624023e-01 -9.218897819519042969e+00 4.541313171386718750e+01 -2.099986877441406250e+02 3.991146981716156006e-01 2.836689758300781250e+02
9.578616619110107422e-01 -9.217003822326660156e+00 4.541233444213867188e+01 -2.100112304687500000e+02 4.007559120655059814e-01 2.836796875000000000e+02
9.579188823699951172e-01 -9.221000671386718750e+00 4.541455841064453125e+01 -2.100187835693359375e+02 3.993032276630401611e-01 2.836920776367187500e+02
9.578419923782348633e-01 -9.220181465148925781e+00 4.540863037109375000e+01 -2.100354156494140625e+02 4.000349342823028564e-01 2.837123107910156250e+02
9.575902223587036133e-01 -9.214585304260253906e+00 4.540773773193359375e+01 -2.100485229492187500e+02 4.008648991584777832e-01 2.837218627929687500e+02
9.595538973808288574e-01 -9.220297813415527344e+00 4.541165161132812500e+01 -2.100547485351562500e+02 4.010795056819915771e-01 2.837373657226562500e+02
9.610151648521423340e-01 -9.220355033874511719e+00 4.540456390380859375e+01 -2.100724792480468750e+02 3.980462253093719482e-01 2.837503051757812500e+02
9.611868262290954590e-01 -9.219584465026855469e+00 4.540064239501953125e+01 -2.100866699218750000e+02 3.983087837696075439e-01 2.837650146484375000e+02
9.610463380813598633e-01 -9.216608047485351562e+00 4.540016937255859375e+01 -2.100987243652343750e+02 3.979136645793914795e-01 2.837785949707031250e+02
9.607165455818176270e-01 -9.218814849853515625e+00 4.539830017089843750e+01 -2.101106109619140625e+02 4.005129635334014893e-01 2.837940368652343750e+02
9.595417976379394531e-01 -9.219279289245605469e+00 4.538806533813476562e+01 -2.101311187744140625e+02 4.001937806606292725e-01 2.838067016601562500e+02
9.610581398010253906e-01 -9.218012809753417969e+00 4.538739013671875000e+01 -2.101426086425781250e+02 3.989102542400360107e-01 2.838161926269531250e+02
9.625890254974365234e-01 -9.218046188354492188e+00 4.539464950561523438e+01 -2.101469116210937500e+02 4.006006121635437012e-01 2.838312683105468750e+02
9.634783864021301270e-01 -9.216238021850585938e+00 4.538665771484375000e+01 -2.101650238037109375e+02 4.001224935054779053e-01 2.838481750488281250e+02
9.628161191940307617e-01 -9.217191696166992188e+00 4.537879180908203125e+01 -2.101831359863281250e+02 3.994974493980407715e-01 2.838600769042968750e+02
9.628680348396301270e-01 -9.220004081726074219e+00 4.538240051269531250e+01 -2.101902313232421875e+02 4.010736644268035889e-01 2.838766784667968750e+02
9.637057185173034668e-01 -9.216784477233886719e+00 4.538240432739257812e+01 -2.102017211914062500e+02 4.000348150730133057e-01 2.838886413574218750e+02
9.628756642341613770e-01 -9.217125892639160156e+00 4.537693786621093750e+01 -2.102178192138671875e+02 3.996360003948211670e-01 2.839039916992187500e+02
9.637310504913330078e-01 -9.215484619140625000e+00 4.537053680419921875e+01 -2.102346496582031250e+02 3.999761343002319336e-01 2.839219665527343750e+02
9.646162390708923340e-01 -9.219914436340332031e+00 4.536817550659179688e+01 -2.102467651367187500e+02 3.987965881824493408e-01 2.839347534179687500e+02
9.638496637344360352e-01 -9.213837623596191406e+00 4.536461257934570312e+01 -2.102631683349609375e+02 3.999535441398620605e-01 2.839466247558593750e+02
9.635187983512878418e-01 -9.216548919677734375e+00 4.536094284057617188e+01 -2.102762908935546875e+02 4.002468287944793701e-01 2.839587097167968750e+02
9.642981290817260742e-01 -9.217128753662109375e+00 4.535618972778320312e+01 -2.102917785644531250e+02 3.992458581924438477e-01 2.839718017578125000e+02
9.650431275367736816e-01 -9.214014053344726562e+00 4.535379028320312500e+01 -2.103054504394531250e+02 4.007866680622100830e-01 2.839946289062500000e+02
9.638868570327758789e-01 -9.217886924743652344e+00 4.535126113891601562e+01 -2.103182220458984375e+02 4.006509482860565186e-01 2.840081481933593750e+02
9.654067158699035645e-01 -9.217807769775390625e+00 4.533874130249023438e+01 -2.103406524658203125e+02 4.006072580814361572e-01 2.840173034667968750e+02
9.656477570533752441e-01 -9.215561866760253906e+00 4.533901214599609375e+01 -2.103521270751953125e+02 4.007019102573394775e-01 2.840293579101562500e+02
9.662827849388122559e-01 -9.217634201049804688e+00 4.533932876586914062e+01 -2.103624572753906250e+02 4.008700251579284668e-01 2.840504455566406250e+02
9.661973118782043457e-01 -9.216066360473632812e+00 4.533480453491210938e+01 -2.103781738281250000e+02 4.021437168121337891e-01 2.840618286132812500e+02
9.674344062805175781e-01 -9.214710235595703125e+00 4.533328628540039062e+01 -2.103912506103515625e+02 4.002154171466827393e-01 2.840738830566406250e+02
9.693031907081604004e-01 -9.215094566345214844e+00 4.532778167724609375e+01 -2.104070587158203125e+02 3.986892998218536377e-01 2.840900878906250000e+02
9.675636291503906250e-01 -9.214385032653808594e+00 4.532413482666015625e+01 -2.104223785400390625e+02 3.968236148357391357e-01 2.840990905761718750e+02
9.680427908897399902e-01 -9.220293045043945312e+00 4.532709503173828125e+01 -2.104287261962890625e+02 3.997788429260253906e-01 2.841119689941406250e+02
9.679068922996520996e-01 -9.215826988220214844e+00 4.531444168090820312e+01 -2.104529113769531250e+02 4.005596041679382324e-01 2.841217651367187500e+02
9.695426821708679199e-01 -9.212276458740234375e+00 4.531798553466796875e+01 -2.104625244140625000e+02 4.007975161075592041e-01 2.841358947753906250e+02
9.699352979660034180e-01 -9.211953163146972656e+00 4.531248855590820312e+01 -2.104779815673828125e+02 3.998375236988067627e-01 2.841514282226562500e+02
9.696024060249328613e-01 -9.214940071105957031e+00 4.530815124511718750e+01 -2.104919891357421875e+02 3.996252715587615967e-01 2.841683959960937500e+02
9.708587527275085449e-01 -9.212808609008789062e+00 4.530876922607421875e+01 -2.105038146972656250e+02 4.002375602722167969e-01 2.841827392578125000e+02
9.707510471343994141e-01 -9.217619895935058594e+00 4.530240631103515625e+01 -2.105195465087890625e+02 3.982778787612915039e-01 2.841958007812500000e+02
9.692751765251159668e-01 -9.216172218322753906e+00 4.529480743408203125e+01 -2.105378875732421875e+02 4.010007977485656738e-01 2.842050476074218750e+02
9.701932072639465332e-01 -9.209221839904785156e+00 4.529769515991210938e+01 -2.105494079589843750e+02 4.001156389713287354e-01 2.842191467285156250e+02
9.709047675132751465e-01 -9.210273742675781250e+00 4.529230880737304688e+01 -2.105648651123046875e+02 3.983921110630035400e-01 2.842363891601562500e+02
9.714049100875854492e-01 -9.218626022338867188e+00 4.528816604614257812e+01 -2.105770111083984375e+02 3.998390138149261475e-01 2.842488708496093750e+02
9.717538356781005859e-01 -9.217947959899902344e+00 4.528084945678710938e+01 -2.105952911376953125e+02 4.007047116756439209e-01 2.842594604492187500e+02
9.715847969055175781e-01 -9.209741592407226562e+00 4.527970123291015625e+01 -2.106107940673828125e+02 4.008498787879943848e-01 2.842706909179687500e+02
9.729930162429809570e-01 -9.218115806579589844e+00 4.527986907958984375e+01 -2.106194152832031250e+02 4.012614488601684570e-01 2.842926635742187500e+02
9.734185338020324707e-01 -9.214168548583984375e+00 4.527588272094726562e+01 -2.106353759765625000e+02 3.971647322177886963e-01 2.842948608398437500e+02
9.712889790534973145e-01 -9.212942123413085938e+00 4.526698684692382812e+01 -2.106550598144531250e+02 4.004314839839935303e-01 2.843123779296875000e+02
9.728022813796997070e-01 -9.217883110046386719e+00 4.526682662963867188e+01 -2.106655273437500000e+02 4.012703299522399902e-01 2.843337707519531250e+02
9.738478064537048340e-01 -9.213888168334960938e+00 4.526171112060546875e+01 -2.106832885742187500e+02 4.002561271190643311e-01 2.843406066894531250e+02
9.741413593292236328e-01 -9.218000411987304688e+00 4.525700759887695312e+01 -2.106976165771484375e+02 3.999822437763214111e-01 2.843522033691406250e+02
9.736764430999755859e-01 -9.213843345642089844e+00 4.525863265991210938e+01 -2.107092132568359375e+02 4.004339873790740967e-01 2.843639526367187500e+02
9.733244776725769043e-01 -9.214860916137695312e+00 4.524787902832031250e+01 -2.107288055419921875e+02 4.008131921291351318e-01 2.843779602050781250e+02
9.747265577316284180e-01 -9.214793205261230469e+00 4.524926376342773438e+01 -2.107393646240234375e+02 3.985793292522430420e-01 2.843911132812500000e+02
9.751310348510742188e-01 -9.217776298522949219e+00 4.524204254150390625e+01 -2.107567901611328125e+02 4.009000957012176514e-01 2.844060974121093750e+02
9.759692549705505371e-01 -9.212775230407714844e+00 4.524066162109375000e+01 -2.107711639404296875e+02 4.002025723457336426e-01 2.844216003417968750e+02
9.760039448738098145e-01 -9.209150314331054688e+00 4.523844909667968750e+01 -2.107850952148437500e+02 3.984273970127105713e-01 2.844307556152343750e+02
9.743407964706420898e-01 -9.213825225830078125e+00 4.522611618041992188e+01 -2.108059387207031250e+02 4.014561474323272705e-01 2.844466552734375000e+02
9.776666164398193359e-01 -9.219441413879394531e+00 4.523029708862304688e+01 -2.108128356933593750e+02 4.022403955459594727e-01 2.844670410156250000e+02
9.782629013061523438e-01 -9.214625358581542969e+00 4.523456573486328125e+01 -2.108232421875000000e+02 3.992047011852264404e-01 2.844672546386718750e+02
9.770669341087341309e-01 -9.209925651550292969e+00 4.521866989135742188e+01 -2.108495635986328125e+02 3.998097479343414307e-01 2.844817199707031250e+02
9.779874682426452637e-01 -9.216138839721679688e+00 4.522228622436523438e+01 -2.108560180664062500e+02 4.003113508224487305e-01 2.844944763183593750e+02
9.777233004570007324e-01 -9.213291168212890625e+00 4.521685409545898438e+01 -2.108730621337890625e+02 4.008113443851470947e-01 2.845060424804687500e+02
9.768378138542175293e-01 -9.216390609741210938e+00 4.520681762695312500e+01 -2.108918457031250000e+02 4.004095792770385742e-01 2.845253295898437500e+02
9.780775308609008789e-01 -9.216401100158691406e+00 4.521200561523437500e+01 -2.108993530273437500e+02 4.000127017498016357e-01 2.845347290039062500e+02
9.793874025344848633e-01 -9.218220710754394531e+00 4.520629119873046875e+01 -2.109152526855468750e+02 3.994017243385314941e-01 2.845442504882812500e+02
9.789406061172485352e-01 -9.216088294982910156e+00 4.519868087768554688e+01 -2.109338226318359375e+02 3.985187113285064697e-01 2.845579833984375000e+02
9.786447882652282715e-01 -9.214128494262695312e+00 4.520226669311523438e+01 -2.109427947998046875e+02 4.004476070404052734e-01 2.845679321289062500e+02
9.791208505630493164e-01 -9.210065841674804688e+00 4.518996810913085938e+01 -2.109664154052734375e+02 3.986365795135498047e-01 2.845755004882812500e+02
9.779331088066101074e-01 -9.212728500366210938e+00 4.519079589843750000e+01 -2.109758453369140625e+02 4.003710746765136719e-01 2.845924377441406250e+02
9.808444380760192871e-01 -9.217519760131835938e+00 4.519131469726562500e+01 -2.109851074218750000e+02 3.991004228591918945e-01 2.846018676757812500e+02
9.815844893455505371e-01 -9.216113090515136719e+00 4.517200469970703125e+01 -2.110141906738281250e+02 3.993874788284301758e-01 2.846237487792968750e+02
9.812140464782714844e-01 -9.213112831115722656e+00 4.518234252929687500e+01 -2.110181884765625000e+02 3.996040225028991699e-01 2.846337890625000000e+02
9.819615483283996582e-01 -9.217545509338378906e+00 4.518146514892578125e+01 -2.110289764404296875e+02 3.984260559082031250e-01 2.846427307128906250e+02
9.816329479217529297e-01 -9.211203575134277344e+00 4.516878509521484375e+01 -2.110529174804687500e+02 4.010880589485168457e-01 2.846580810546875000e+02
9.800468683242797852e-01 -9.218232154846191406e+00 4.516547775268554688e+01 -2.110652618408203125e+02 4.020963013172149658e-01 2.846697692871093750e+02
9.813407063484191895e-01 -9.216660499572753906e+00 4.516231155395507812e+01 -2.110803222656250000e+02 4.013350605964660645e-01 2.846839599609375000e+02
9.808949828147888184e-01 -9.216341972351074219e+00 4.516273880004882812e+01 -2.110857696533203125e+02 3.994104266166687012e-01 2.846878967285156250e+02
9.829993844032287598e-01 -9.214050292968750000e+00 4.516257476806640625e+01 -2.110924682617187500e+02 3.991311490535736084e-01 2.846947021484375000e+02
9.832990765571594238e-01 -9.215638160705566406e+00 4.515805053710937500e+01 -2.111013793945312500e+02 3.994400799274444580e-01 2.847008666992187500e+02
9.814915060997009277e-01 -9.215499877929687500e+00 4.515497207641601562e+01 -2.111098632812500000e+02 4.008642733097076416e-01 2.847088012695312500e+02
9.811521768569946289e-01 -9.214910507202148438e+00 4.515506362915039062e+01 -2.111158447265625000e+02 4.015729427337646484e-01 2.847160949707031250e+02
9.822553396224975586e-01 -9.212329864501953125e+00 4.515329360961914062e+01 -2.111239471435546875e+02 4.013453125953674316e-01 2.847220764160156250e+02
9.821494221687316895e-01 -9.214631080627441406e+00 4.514756774902343750e+01 -2.111341705322265625e+02 3.992709219455718994e-01 2.847247924804687500e+02
9.835253357887268066e-01 -9.215919494628906250e+00 4.514488983154296875e+01 -2.111418304443359375e+02 3.999130129814147949e-01 2.847326965332031250e+02
9.832711815834045410e-01 -9.216594696044921875e+00 4.514323043823242188e+01 -2.111493530273437500e+02 3.994446098804473877e-01 2.847373962402343750e+02
9.831151366233825684e-01 -9.214355468750000000e+00 4.514033126831054688e+01 -2.111585388183593750e+02 3.997685015201568604e-01 2.847437438964843750e+02
9.832977652549743652e-01 -9.213926315307617188e+00 4.513809204101562500e+01 -2.111666717529296875e+02 3.984273374080657959e-01 2.847506713867187500e+02
9.842067956924438477e-01 -9.214323997497558594e+00 4.513659667968750000e+01 -2.111734008789062500e+02 3.982952833175659180e-01 2.847550659179687500e+02
9.852815270423889160e-01 -9.216594696044921875e+00 4.513331985473632812e+01 -2.111817016601562500e+02 3.985426425933837891e-01 2.847631530761718750e+02
9.842090606689453125e-01 -9.210973739624023438e+00 4.512715148925781250e+01 -2.111950378417968750e+02 4.008668065071105957e-01 2.847723999023437500e+02
9.832580089569091797e-01 -9.215396881103515625e+00 4.512829971313476562e+01 -2.111984558105468750e+02 4.015567898750305176e-01 2.847777709960937500e+02
9.827335476875305176e-01 -9.212943077087402344e+00 4.512696456909179688e+01 -2.112062988281250000e+02 4.008927047252655029e-01 2.847836608886718750e+02
9.847976565361022949e-01 -9.215541839599609375e+00 4.512438583374023438e+01 -2.112138214111328125e+02 4.008466899394989014e-01 2.847869262695312500e+02
9.847145080566406250e-01 -9.212977409362792969e+00 4.511670684814453125e+01 -2.112270812988281250e+02 4.004831314086914062e-01 2.847933044433593750e+02
9.842866659164428711e-01 -9.213055610656738281e+00 4.511310958862304688e+01 -2.112362976074218750e+02 3.990725874900817871e-01 2.847995910644531250e+02
9.855572581291198730e-01 -9.214639663696289062e+00 4.511275100708007812e+01 -2.112423400878906250e+02 4.005216062068939209e-01 2.848057556152343750e+02
9.849907159805297852e-01 -9.213532447814941406e+00 4.511021804809570312e+01 -2.112511596679687500e+02 3.993320465087890625e-01 2.848131103515625000e+02
9.848003387451171875e-01 -9.214854240417480469e+00 4.510655212402343750e+01 -2.112596282958984375e+02 3.990748524665832520e-01 2.848179321289062500e+02
9.859631061553955078e-01 -9.215211868286132812e+00 4.510370254516601562e+01 -2.112685699462890625e+02 3.995869159698486328e-01 2.848256225585937500e+02
9.859141707420349121e-01 -9.214462280273437500e+00 4.510190582275390625e+01 -2.112764129638671875e+02 3.997216820716857910e-01 2.848273925781250000e+02
9.854475259780883789e-01 -9.213676452636718750e+00 4.509684371948242188e+01 -2.112873687744140625e+02 3.999236822128295898e-01 2.848342285156250000e+02
9.852134585380554199e-01 -9.215235710144042969e+00 4.509255218505859375e+01 -2.112966613769531250e+02 4.000805616378784180e-01 2.848421630859375000e+02
9.858016371726989746e-01 -9.214540481567382812e+00 4.509065628051757812e+01 -2.113047332763671875e+02 3.989579975605010986e-01 2.848473205566406250e+02
9.871155619621276855e-01 -9.214581489562988281e+00 4.508973693847656250e+01 -2.113119506835937500e+02 4.001219570636749268e-01 2.848569946289062500e+02
9.864880442619323730e-01 -9.214133262634277344e+00 4.508513641357421875e+01 -2.113222808837890625e+02 4.002961218357086182e-01 2.848606567382812500e+02
9.857121109962463379e-01 -9.215062141418457031e+00 4.508102798461914062e+01 -2.113317871093750000e+02 4.007941782474517822e-01 2.848675231933593750e+02
9.857123494148254395e-01 -9.214126586914062500e+00 4.507922744750976562e+01 -2.113400573730468750e+02 4.013219177722930908e-01 2.848779602050781250e+02
9.860018491744995117e-01 -9.214115142822265625e+00 4.507512283325195312e+01 -2.113498992919921875e+02 3.990941345691680908e-01 2.848813476562500000e+02
9.877592325210571289e-01 -9.213542938232421875e+00 4.507298660278320312e+01 -2.113581695556640625e+02 3.988117277622222900e-01 2.848856506347656250e+02
9.884012937545776367e-01 -9.211361885070800781e+00 4.507286834716796875e+01 -2.113655242919921875e+02 4.004101455211639404e-01 2.848927307128906250e+02
9.870303273200988770e-01 -9.215900421142578125e+00 4.507011032104492188e+01 -2.113726654052734375e+02 3.997613191604614258e-01 2.848990783691406250e+02
9.874935150146484375e-01 -9.213249206542968750e+00 4.506367111206054688e+01 -2.113851928710937500e+02 4.003829956054687500e-01 2.849031982421875000e+02
9.867333769798278809e-01 -9.213363647460937500e+00 4.505874633789062500e+01 -2.113960571289062500e+02 4.014097452163696289e-01 2.849089355468750000e+02
9.864920377731323242e-01 -9.216352462768554688e+00 4.505686569213867188e+01 -2.114028167724609375e+02 4.007441699504852295e-01 2.849154052734375000e+02
9.880651235580444336e-01 -9.216217041015625000e+00 4.505418777465820312e+01 -2.114116821289062500e+02 4.007251262664794922e-01 2.849234924316406250e+02
9.875977039337158203e-01 -9.215808868408203125e+00 4.504821395874023438e+01 -2.114234008789062500e+02 3.990187048912048340e-01 2.849273986816406250e+02
9.884862303733825684e-01 -9.215107917785644531e+00 4.504452133178710938e+01 -2.114331970214843750e+02 3.981879651546478271e-01 2.849314270019531250e+02
9.904761314392089844e-01 -9.212555885314941406e+00 4.504247283935546875e+01 -2.114423828125000000e+02 3.989455997943878174e-01 2.849360046386718750e+02
9.896350502967834473e-01 -9.218615531921386719e+00 4.503813934326171875e+01 -2.114504241943359375e+02 3.987359404563903809e-01 2.849422912597656250e+02
9.890726804733276367e-01 -9.215111732482910156e+00 4.503812408447265625e+01 -2.114583892822265625e+02 3.996456265449523926e-01 2.849516601562500000e+02
9.884093999862670898e-01 -9.215058326721191406e+00 4.503684616088867188e+01 -2.114660644531250000e+02 3.998753726482391357e-01 2.849587097167968750e+02
9.885276556015014648e-01 -9.215391159057617188e+00 4.503093338012695312e+01 -2.114773254394531250e+02 4.005061686038970947e-01 2.849646911621093750e+02
9.892786741256713867e-01 -9.214548110961914062e+00 4.502759552001953125e+01 -2.114868011474609375e+02 3.987019658088684082e-01 2.849654846191406250e+02
9.910699725151062012e-01 -9.216593742370605469e+00 4.502703475952148438e+01 -2.114932861328125000e+02 3.996739685535430908e-01 2.849725341796875000e+02
9.895946383476257324e-01 -9.214433670043945312e+00 4.502352905273437500e+01 -2.115039215087890625e+02 3.988442718982696533e-01 2.849778747558593750e+02
9.902849793434143066e-01 -9.214469909667968750e+00 4.501909255981445312e+01 -2.115144348144531250e+02 3.992620110511779785e-01 2.849867553710937500e+02
9.907564520835876465e-01 -9.215802192687988281e+00 4.501575469970703125e+01 -2.115234680175781250e+02 4.005507230758666992e-01 2.849944152832031250e+02
9.894087910652160645e-01 -9.212011337280273438e+00 4.501250839233398438e+01 -2.115339202880859375e+02 4.011586606502532959e-01 2.850017089843750000e+02
9.892345070838928223e-01 -9.215649604797363281e+00 4.500944137573242188e+01 -2.115421447753906250e+02 4.008566439151763916e-01 2.850049133300781250e+02
9.892905354499816895e-01 -9.214584350585937500e+00 4.500175857543945312e+01 -2.115553131103515625e+02 4.002582132816314697e-01 2.850106811523437500e+02
9.913958907127380371e-01 -9.215363502502441406e+00 4.500213623046875000e+01 -2.115619659423828125e+02 4.011093378067016602e-01 2.850162048339843750e+02
9.912212491035461426e-01 -9.215400695800781250e+00 4.500100708007812500e+01 -2.115693511962890625e+02 4.010061919689178467e-01 2.850224914550781250e+02
9.900118708610534668e-01 -9.217089653015136719e+00 4.499422073364257812e+01 -2.115813293457031250e+02 4.002037048339843750e-01 2.850277404785156250e+02
9.906202554702758789e-01 -9.213418960571289062e+00 4.499039459228515625e+01 -2.115924072265625000e+02 4.013044536113739014e-01 2.850341796875000000e+02
9.910200834274291992e-01 -9.213745117187500000e+00 4.498947143554687500e+01 -2.116000366210937500e+02 4.000682830810546875e-01 2.850353393554687500e+02
9.921938776969909668e-01 -9.213297843933105469e+00 4.498547363281250000e+01 -2.116101379394531250e+02 4.006918668746948242e-01 2.850463867187500000e+02
9.913623929023742676e-01 -9.215887069702148438e+00 4.498140335083007812e+01 -2.116192779541015625e+02 3.998942971229553223e-01 2.850519104003906250e+02
9.918894171714782715e-01 -9.215897560119628906e+00 4.497812271118164062e+01 -2.116287078857421875e+02 4.013329744338989258e-01 2.850605163574218750e+02
9.917137026786804199e-01 -9.215426445007324219e+00 4.497505950927734375e+01 -2.116384887695312500e+02 4.001426100730895996e-01 2.850641479492187500e+02
9.922733306884765625e-01 -9.215867996215820312e+00 4.497128677368164062e+01 -2.116487121582031250e+02 3.990004956722259521e-01 2.850707702636718750e+02
9.931983351707458496e-01 -9.215729713439941406e+00 4.496649169921875000e+01 -2.116593017578125000e+02 3.999124467372894287e-01 2.850780944824218750e+02
9.929060339927673340e-01 -9.216105461120605469e+00 4.496347045898437500e+01 -2.116687774658203125e+02 3.986571431159973145e-01 2.850812377929687500e+02
9.937269687652587891e-01 -9.214770317077636719e+00 4.496253585815429688e+01 -2.116770324707031250e+02 3.995582163333892822e-01 2.850871582031250000e+02
9.936909675598144531e-01 -9.213532447814941406e+00 4.495820617675781250e+01 -2.116879730224609375e+02 3.992539644241333008e-01 2.850936889648437500e+02
9.931721091270446777e-01 -9.218039512634277344e+00 4.495328140258789062e+01 -2.116972503662109375e+02 3.999292850494384766e-01 2.850985717773437500e+02
9.939522147178649902e-01 -9.215105056762695312e+00 4.494968795776367188e+01 -2.117086944580078125e+02 4.004967510700225830e-01 2.851064758300781250e+02
9.933547377586364746e-01 -9.215025901794433594e+00 4.494845581054687500e+01 -2.117165832519531250e+02 4.009127020835876465e-01 2.851145629882812500e+02
9.931717514991760254e-01 -9.215713500976562500e+00 4.494412994384765625e+01 -2.117271423339843750e+02 3.998095989227294922e-01 2.851192016601562500e+02
9.941444993019104004e-01 -9.218377113342285156e+00 4.493938446044921875e+01 -2.117373352050781250e+02 4.009002447128295898e-01 2.851249389648437500e+02
9.936579465866088867e-01 -9.214501380920410156e+00 4.493370819091796875e+01 -2.117501983642578125e+02 4.002430140972137451e-01 2.851274108886718750e+02
9.941246509552001953e-01 -9.215681076049804688e+00 4.493363571166992188e+01 -2.117569580078125000e+02 4.003034234046936035e-01 2.851360778808593750e+02
9.946955442428588867e-01 -9.215609550476074219e+00 4.492852783203125000e+01 -2.117681732177734375e+02 4.006054997444152832e-01 2.851400146484375000e+02
9.951031208038330078e-01 -9.214516639709472656e+00 4.492409515380859375e+01 -2.117794952392578125e+02 3.995524048805236816e-01 2.851436157226562500e+02
9.959232807159423828e-01 -9.216773986816406250e+00 4.492173767089843750e+01 -2.117875213623046875e+02 3.993086218833923340e-01 2.851497497558593750e+02
9.958867430686950684e-01 -9.216501235961914062e+00 4.491721343994140625e+01 -2.117987823486328125e+02 3.989908993244171143e-01 2.851560974121093750e+02
9.967800378799438477e-01 -9.216485023498535156e+00 4.491371917724609375e+01 -2.118089294433593750e+02 4.000206589698791504e-01 2.851642456054687500e+02
9.962294101715087891e-01 -9.213928222656250000e+00 4.491228866577148438e+01 -2.118181152343750000e+02 3.997513651847839355e-01 2.851697692871093750e+02
9.950588345527648926e-01 -9.215595245361328125e+00 4.490961074829101562e+01 -2.118269348144531250e+02 3.998419046401977539e-01 2.851748962402343750e+02
9.954670071601867676e-01 -9.218118667602539062e+00 4.490277862548828125e+01 -2.118385772705078125e+02 3.992251455783843994e-01 2.851819152832031250e+02
9.965986609458923340e-01 -9.217116355895996094e+00 4.489830780029296875e+01 -2.118497314453125000e+02 4.014286696910858154e-01 2.851889038085937500e+02
9.956074357032775879e-01 -9.216763496398925781e+00 4.489582443237304688e+01 -2.118592071533203125e+02 4.001453220844268799e-01 2.851935424804687500e+02
9.961076378822326660e-01 -9.217341423034667969e+00 4.489172363281250000e+01 -2.118695373535156250e+02 3.993766605854034424e-01 2.851981201171875000e+02
9.978047013282775879e-01 -9.216877937316894531e+00 4.488925933837890625e+01 -2.118790893554687500e+02 4.002273380756378174e-01 2.852048339843750000e+02
9.979258775711059570e-01 -9.217907905578613281e+00 4.488398361206054688e+01 -2.118903198242187500e+02 3.992089331150054932e-01 2.852110900878906250e+02
9.976660609245300293e-01 -9.216151237487792969e+00 4.488114929199218750e+01 -2.119006347656250000e+02 4.004881978034973145e-01 2.852198486328125000e+02
9.968228936195373535e-01 -9.217583656311035156e+00 4.487881469726562500e+01 -2.119094543457031250e+02 3.990209996700286865e-01 2.852203369140625000e+02
9.981890320777893066e-01 -9.217935562133789062e+00 4.487239837646484375e+01 -2.119217834472656250e+02 3.991244435310363770e-01 2.852276000976562500e+02
9.991877675056457520e-01 -9.216499328613281250e+00 4.487166595458984375e+01 -2.119305877685546875e+02 4.003165066242218018e-01 2.852353820800781250e+02
9.975365996360778809e-01 -9.216070175170898438e+00 4.486759567260742188e+01 -2.119411773681640625e+02 4.004131853580474854e-01 2.852388916015625000e+02
9.964923262596130371e-01 -9.217014312744140625e+00 4.486116409301757812e+01 -2.119534301757812500e+02 3.998822569847106934e-01 2.852427368164062500e+02
9.981088042259216309e-01 -9.216699600219726562e+00 4.485713958740234375e+01 -2.119640197753906250e+02 3.995826840400695801e-01 2.852492980957031250e+02
9.993652105331420898e-01 -9.215143203735351562e+00 4.485640716552734375e+01 -2.119725494384765625e+02 4.006881117820739746e-01 2.852578125000000000e+02
9.989868402481079102e-01 -9.215989112854003906e+00 4.485008621215820312e+01 -2.119843902587890625e+02 3.996051549911499023e-01 2.852629699707031250e+02
9.992229342460632324e-01 -9.217899322509765625e+00 4.484535217285156250e+01 -2.119951934814453125e+02 4.009474515914916992e-01 2.852731933593750000e+02
9.982612133026123047e-01 -9.219154357910156250e+00 4.484232330322265625e+01 -2.120046539306640625e+02 4.006412327289581299e-01 2.852782287597656250e+02
9.974662065505981445e-01 -9.219080924987792969e+00 4.483407211303710938e+01 -2.120187072753906250e+02 4.001404643058776855e-01 2.852803955078125000e+02
9.987736940383911133e-01 -9.214177131652832031e+00 4.483263778686523438e+01 -2.120290985107421875e+02 4.013429880142211914e-01 2.852854919433593750e+02
9.985767006874084473e-01 -9.217117309570312500e+00 4.483037185668945312e+01 -2.120367584228515625e+02 4.010525941848754883e-01 2.852919616699218750e+02
9.989651441574096680e-01 -9.218417167663574219e+00 4.482811355590820312e+01 -2.120454864501953125e+02 4.006528854370117188e-01 2.852966918945312500e+02
1.000921487808227539e+00 -9.218659400939941406e+00 4.482419967651367188e+01 -2.120559997558593750e+02 3.995900452136993408e-01 2.853014831542968750e+02
1.001782178878784180e+00 -9.219813346862792969e+00 4.481705856323242188e+01 -2.120686950683593750e+02 3.993819952011108398e-01 2.853062744140625000e+02
1.000888109207153320e+00 -9.219561576843261719e+00 4.481472396850585938e+01 -2.120783691406250000e+02 4.012632071971893311e-01 2.853169250488281250e+02
9.996054172515869141e-01 -9.218314170837402344e+00 4.481318283081054688e+01 -2.120875396728515625e+02 4.007832407951354980e-01 2.853239746093750000e+02
9.999625086784362793e-01 -9.215653419494628906e+00 4.480977630615234375e+01 -2.120984802246093750e+02 4.002369642257690430e-01 2.853267211914062500e+02
1.001486182212829590e+00 -9.216974258422851562e+00 4.480865478515625000e+01 -2.121025085449218750e+02 4.006178975105285645e-01 2.853305664062500000e+02
1.001040935516357422e+00 -9.217441558837890625e+00 4.480650329589843750e+01 -2.121077728271484375e+02 3.995212316513061523e-01 2.853325500488281250e+02
1.001473188400268555e+00 -9.217399597167968750e+00 4.480463027954101562e+01 -2.121131286621093750e+02 4.000631272792816162e-01 2.853346557617187500e+02
1.001206994056701660e+00 -9.218511581420898438e+00 4.480207443237304688e+01 -2.121185607910156250e+02 4.000119864940643311e-01 2.853370361328125000e+02
1.001596808433532715e+00 -9.218150138854980469e+00 4.480023956298828125e+01 -2.121238861083984375e+02 4.007076025009155273e-01 2.853417053222656250e+02
1.000865697860717773e+00 -9.218525886535644531e+00 4.479759979248046875e+01 -2.121296539306640625e+02 4.006031751632690430e-01 2.853450927734375000e+02
1.002466559410095215e+00 -9.219351768493652344e+00 4.479687500000000000e+01 -2.121337280273437500e+02 3.988316953182220459e-01 2.853457946777343750e+02
1.001950025558471680e+00 -9.218685150146484375e+00 4.479354858398437500e+01 -2.121405944824218750e+02 4.005005955696105957e-01 2.853506164550781250e+02
1.001100540161132812e+00 -9.218438148498535156e+00 4.479123687744140625e+01 -2.121461486816406250e+02 4.003294408321380615e-01 2.853540039062500000e+02
1.002393841743469238e+00 -9.218768119812011719e+00 4.479138946533203125e+01 -2.121496276855468750e+02 4.006741046905517578e-01 2.853570861816406250e+02
1.001686096191406250e+00 -9.218042373657226562e+00 4.478879165649414062e+01 -2.121557922363281250e+02 4.001569151878356934e-01 2.853599243164062500e+02
1.002263069152832031e+00 -9.217369079589843750e+00 4.478670883178710938e+01 -2.121617584228515625e+02 4.004496634006500244e-01 2.853629455566406250e+02
1.002471566200256348e+00 -9.216784477233886719e+00 4.478455352783203125e+01 -2.121674194335937500e+02 3.992881178855895996e-01 2.853656616210937500e+02
1.002528786659240723e+00 -9.218059539794921875e+00 4.478272628784179688e+01 -2.121720275878906250e+02 4.004143178462982178e-01 2.853689880371093750e+02
1.002020597457885742e+00 -9.219234466552734375e+00 4.477921676635742188e+01 -2.121782684326171875e+02 4.002369940280914307e-01 2.853706054687500000e+02
1.002753376960754395e+00 -9.218038558959960938e+00 4.477701568603515625e+01 -2.121841430664062500e+02 4.002603590488433838e-01 2.853732299804687500e+02
1.002849221229553223e+00 -9.218590736389160156e+00 4.477549362182617188e+01 -2.121892395019531250e+02 3.999114036560058594e-01 2.853764038085937500e+02
1.002869129180908203e+00 -9.217570304870605469e+00 4.477359390258789062e+01 -2.121950073242187500e+02 4.004377126693725586e-01 2.853785705566406250e+02
1.002566576004028320e+00 -9.218525886535644531e+00 4.477107620239257812e+01 -2.122004089355468750e+02 4.001383781433105469e-01 2.853821411132812500e+02
1.003287672996520996e+00 -9.217658996582031250e+00 4.476951599121093750e+01 -2.122059478759765625e+02 4.007514119148254395e-01 2.853850402832031250e+02
1.002811789512634277e+00 -9.219740867614746094e+00 4.476662826538085938e+01 -2.122113037109375000e+02 3.995540440082550049e-01 2.853889770507812500e+02
1.003921508789062500e+00 -9.218697547912597656e+00 4.476499938964843750e+01 -2.122170104980468750e+02 4.004466533660888672e-01 2.853903808593750000e+02
1.002756118774414062e+00 -9.218652725219726562e+00 4.476131057739257812e+01 -2.122237396240234375e+02 4.009314775466918945e-01 2.853927612304687500e+02
1.003283381462097168e+00 -9.219130516052246094e+00 4.475940322875976562e+01 -2.122291107177734375e+02 4.002816379070281982e-01 2.853961486816406250e+02
1.004207015037536621e+00 -9.218974113464355469e+00 4.475781631469726562e+01 -2.122345428466796875e+02 3.995453715324401855e-01 2.853979797363281250e+02
1.003682613372802734e+00 -9.218711853027343750e+00 4.475578308105468750e+01 -2.122400665283203125e+02 4.003008604049682617e-01 2.854011840820312500e+02
1.003722548484802246e+00 -9.218760490417480469e+00 4.475401687622070312e+01 -2.122456665039062500e+02 3.998700976371765137e-01 2.854053039550781250e+02
1.004082798957824707e+00 -9.218558311462402344e+00 4.475149536132812500e+01 -2.122514953613281250e+02 4.007419347763061523e-01 2.854092712402343750e+02
1.003607630729675293e+00 -9.219594001770019531e+00 4.474824905395507812e+01 -2.122577514648437500e+02 3.995842039585113525e-01 2.854102172851562500e+02
1.004658818244934082e+00 -9.219618797302246094e+00 4.474685287475585938e+01 -2.122628479003906250e+02 4.004120528697967529e-01 2.854127197265625000e+02
1.004020214080810547e+00 -9.220308303833007812e+00 4.474379730224609375e+01 -2.122690429687500000e+02 4.001086652278900146e-01 2.854170532226562500e+02
1.004586458206176758e+00 -9.218172073364257812e+00 4.474195098876953125e+01 -2.122754974365234375e+02 4.000503718852996826e-01 2.854193725585937500e+02
1.004321336746215820e+00 -9.219414710998535156e+00 4.473968124389648438e+01 -2.122809143066406250e+02 4.008731842041015625e-01 2.854235229492187500e+02
1.004405260086059570e+00 -9.219609260559082031e+00 4.473725509643554688e+01 -2.122868194580078125e+02 3.999361991882324219e-01 2.854255676269531250e+02
1.005041956901550293e+00 -9.217954635620117188e+00 4.473511505126953125e+01 -2.122932281494140625e+02 4.001657962799072266e-01 2.854273376464843750e+02
1.004730701446533203e+00 -9.219276428222656250e+00 4.473254394531250000e+01 -2.122986907958984375e+02 3.997083008289337158e-01 2.854290161132812500e+02
1.005115747451782227e+00 -9.220249176025390625e+00 4.473107528686523438e+01 -2.123035125732421875e+02 4.001083076000213623e-01 2.854346313476562500e+02
1.005088925361633301e+00 -9.219233512878417969e+00 4.472811126708984375e+01 -2.123104858398437500e+02 4.001160264015197754e-01 2.854368591308593750e+02
1.005011796951293945e+00 -9.219915390014648438e+00 4.472527694702148438e+01 -2.123163604736328125e+02 4.005927145481109619e-01 2.854395751953125000e+02
1.005232214927673340e+00 -9.219321250915527344e+00 4.472311782836914062e+01 -2.123227081298828125e+02 3.993998765945434570e-01 2.854408569335937500e+02
1.006332039833068848e+00 -9.218951225280761719e+00 4.472107315063476562e+01 -2.123285369873046875e+02 4.013684988021850586e-01 2.854451293945312500e+02
1.003990054130554199e+00 -9.218914985656738281e+00 4.471753692626953125e+01 -2.123353729248046875e+02 4.006891548633575439e-01 2.854496459960937500e+02
1.006349086761474609e+00 -9.219758987426757812e+00 4.471592712402343750e+01 -2.123405761718750000e+02 3.989460766315460205e-01 2.854500122070312500e+02
1.007254242897033691e+00 -9.220385551452636719e+00 4.471107482910156250e+01 -2.123482208251953125e+02 4.000809192657470703e-01 2.854536437988281250e+02
1.004462242126464844e+00 -9.220285415649414062e+00 4.470904541015625000e+01 -2.123538055419921875e+02 4.004564881324768066e-01 2.854573669433593750e+02
1.006455063819885254e+00 -9.219571113586425781e+00 4.470940017700195312e+01 -2.123583374023437500e+02 4.002254903316497803e-01 2.854602661132812500e+02
1.006827235221862793e+00 -9.219565391540527344e+00 4.470820617675781250e+01 -2.123632507324218750e+02 3.995400369167327881e-01 2.854617004394531250e+02
1.005904555320739746e+00 -9.219325065612792969e+00 4.470340728759765625e+01 -2.123711090087890625e+02 4.007957279682159424e-01 2.854665832519531250e+02
1.005846381187438965e+00 -9.218714714050292969e+00 4.470078277587890625e+01 -2.123774871826171875e+02 4.003987610340118408e-01 2.854689025878906250e+02
1.006911873817443848e+00 -9.219458580017089844e+00 4.470090103149414062e+01 -2.123791961669921875e+02 4.003468751907348633e-01 2.854699401855468750e+02
1.006299138069152832e+00 -9.220248222351074219e+00 4.469912719726562500e+01 -2.123822326660156250e+02 4.001523852348327637e-01 2.854712524414062500e+02
1.006871819496154785e+00 -9.220000267028808594e+00 4.469813156127929688e+01 -2.123852386474609375e+02 3.999939262866973877e-01 2.854726867675781250e+02
1.006531357765197754e+00 -9.219292640686035156e+00 4.469656372070312500e+01 -2.123889312744140625e+02 4.002522230148315430e-01 2.854741516113281250e+02
1.006732821464538574e+00 -9.219700813293457031e+00 4.469557571411132812e+01 -2.123915863037109375e+02 4.002539515495300293e-01 2.854761047363281250e+02
1.006847739219665527e+00 -9.220029830932617188e+00 4.469437026977539062e+01 -2.123944854736328125e+02 4.001491665840148926e-01 2.854780273437500000e+02
1.006856441497802734e+00 -9.219660758972167969e+00 4.469312286376953125e+01 -2.123977050781250000e+02 4.003065824508666992e-01 2.854789733886718750e+02
1.006878972053527832e+00 -9.220317840576171875e+00 4.469169998168945312e+01 -2.124007110595703125e+02 4.003328979015350342e-01 2.854806213378906250e+02
1.007248997688293457e+00 -9.220205307006835938e+00 4.469053649902343750e+01 -2.124038391113281250e+02 3.999252617359161377e-01 2.854815979003906250e+02
1.006759285926818848e+00 -9.219644546508789062e+00 4.468888473510742188e+01 -2.124075164794921875e+02 4.001168012619018555e-01 2.854827270507812500e+02
1.007287979125976562e+00 -9.220214843750000000e+00 4.468805313110351562e+01 -2.124098968505859375e+02 4.001609683036804199e-01 2.854844055175781250e+02
1.007057666778564453e+00 -9.220207214355468750e+00 4.468663406372070312e+01 -2.124131774902343750e+02 4.001809358596801758e-01 2.854862670898437500e+02
1.007378697395324707e+00 -9.219931602478027344e+00 4.468535995483398438e+01 -2.124164428710937500e+02 3.998776078224182129e-01 2.854871520996093750e+02
1.007163763046264648e+00 -9.220412254333496094e+00 4.468405151367187500e+01 -2.124193878173828125e+02 4.004463553428649902e-01 2.854895019531250000e+02
1.007670998573303223e+00 -9.219299316406250000e+00 4.468294525146484375e+01 -2.124228973388671875e+02 3.999959528446197510e-01 2.854906616210937500e+02
1.007010459899902344e+00 -9.220250129699707031e+00 4.468103408813476562e+01 -2.124260711669921875e+02 4.004624485969543457e-01 2.854927978515625000e+02
1.007835149765014648e+00 -9.220805168151855469e+00 4.468001556396484375e+01 -2.124288330078125000e+02 4.003038406372070312e-01 2.854933166503906250e+02
1.007337331771850586e+00 -9.219366073608398438e+00 4.467865753173828125e+01 -2.124326934814453125e+02 4.001817703247070312e-01 2.854943237304687500e+02
1.007672309875488281e+00 -9.219426155090332031e+00 4.467784500122070312e+01 -2.124354553222656250e+02 4.004247486591339111e-01 2.854966735839843750e+02
1.008132219314575195e+00 -9.220579147338867188e+00 4.467660140991210938e+01 -2.124381866455078125e+02 3.998187482357025146e-01 2.854970397949218750e+02
1.007045745849609375e+00 -9.220163345336914062e+00 4.467374420166015625e+01 -2.124425811767578125e+02 4.004593789577484131e-01 2.854981689453125000e+02
1.008734464645385742e+00 -9.220303535461425781e+00 4.467335510253906250e+01 -2.124451751708984375e+02 3.999091088771820068e-01 2.855004882812500000e+02
1.007074475288391113e+00 -9.220538139343261719e+00 4.467065811157226562e+01 -2.124490966796875000e+02 4.004784822463989258e-01 2.855023803710937500e+02
1.008729934692382812e+00 -9.220881462097167969e+00 4.467128372192382812e+01 -2.124508666992187500e+02 4.001932740211486816e-01 2.855037536621093750e+02
1.007416367530822754e+00 -9.220387458801269531e+00 4.466964340209960938e+01 -2.124544525146484375e+02 4.003591239452362061e-01 2.855045166015625000e+02
1.008626461029052734e+00 -9.220820426940917969e+00 4.466891098022460938e+01 -2.124572296142578125e+02 4.002397358417510986e-01 2.855065307617187500e+02
1.007832288742065430e+00 -9.220575332641601562e+00 4.466630554199218750e+01 -2.124613647460937500e+02 4.001721739768981934e-01 2.855077514648437500e+02
1.008456826210021973e+00 -9.220217704772949219e+00 4.466510391235351562e+01 -2.124646759033203125e+02 4.004388451576232910e-01 2.855092773437500000e+02
1.008120298385620117e+00 -9.220899581909179688e+00 4.466323471069335938e+01 -2.124679412841796875e+02 4.000609517097473145e-01 2.855108337402343750e+02
1.008589029312133789e+00 -9.220799446105957031e+00 4.466224288940429688e+01 -2.124708251953125000e+02 4.001332521438598633e-01 2.855123596191406250e+02
1.008379459381103516e+00 -9.220813751220703125e+00 4.466077041625976562e+01 -2.124743499755859375e+02 4.000525474548339844e-01 2.855137023925781250e+02
1.008459806442260742e+00 -9.220355987548828125e+00 4.465919113159179688e+01 -2.124779510498046875e+02 4.005251228809356689e-01 2.855155334472656250e+02
1.008714199066162109e+00 -9.220603942871093750e+00 4.465781402587890625e+01 -2.124811553955078125e+02 4.002420902252197266e-01 2.855166931152343750e+02
1.008748650550842285e+00 -9.220573425292968750e+00 4.465617752075195312e+01 -2.124846649169921875e+02 4.000816345214843750e-01 2.855176696777343750e+02
1.008635044097900391e+00 -9.220352172851562500e+00 4.465455627441406250e+01 -2.124882049560546875e+02 4.003147184848785400e-01 2.855194091796875000e+02
1.008911013603210449e+00 -9.221123695373535156e+00 4.465317535400390625e+01 -2.124912261962890625e+02 4.000049531459808350e-01 2.855203552246093750e+02
1.008816838264465332e+00 -9.221466064453125000e+00 4.465153884887695312e+01 -2.124945526123046875e+02 4.003570675849914551e-01 2.855231628417968750e+02
1.008932471275329590e+00 -9.220597267150878906e+00 4.465024566650390625e+01 -2.124981842041015625e+02 4.002722799777984619e-01 2.855249328613281250e+02
1.009382367134094238e+00 -9.221275329589843750e+00 4.464909744262695312e+01 -2.125010833740234375e+02 4.000495076179504395e-01 2.855256042480468750e+02
1.008634567260742188e+00 -9.221215248107910156e+00 4.464688873291015625e+01 -2.125050201416015625e+02 4.005066454410552979e-01 2.855275573730468750e+02
1.009716033935546875e+00 -9.220513343811035156e+00 4.464583206176757812e+01 -2.125085601806640625e+02 4.000432789325714111e-01 2.855282897949218750e+02
1.008863925933837891e+00 -9.220228195190429688e+00 4.464418029785156250e+01 -2.125122833251953125e+02 4.000162482261657715e-01 2.855296936035156250e+02
1.009519457817077637e+00 -9.220572471618652344e+00 4.464325332641601562e+01 -2.125150451660156250e+02 4.002446234226226807e-01 2.855319519042968750e+02
1.009306430816650391e+00 -9.220786094665527344e+00 4.464125823974609375e+01 -2.125187072753906250e+02 4.002609848976135254e-01 2.855338745117187500e+02
1.009595632553100586e+00 -9.221828460693359375e+00 4.463982009887695312e+01 -2.125215911865234375e+02 4.003185331821441650e-01 2.855352172851562500e+02
1.009613275527954102e+00 -9.221930503845214844e+00 4.463797760009765625e+01 -2.125253143310546875e+02 3.999660909175872803e-01 2.855358276367187500e+02
1.009712338447570801e+00 -9.220582962036132812e+00 4.463640594482421875e+01 -2.125295257568359375e+02 4.002464413642883301e-01 2.855375671386718750e+02
1.009259223937988281e+00 -9.220790863037109375e+00 4.463480377197265625e+01 -2.125328216552734375e+02 4.004037380218505859e-01 2.855401611328125000e+02
1.010424971580505371e+00 -9.221593856811523438e+00 4.463433837890625000e+01 -2.125350494384765625e+02 4.000012576580047607e-01 2.855412597656250000e+02
1.009495973587036133e+00 -9.221248626708984375e+00 4.463220214843750000e+01 -2.125391845703125000e+02 4.002409875392913818e-01 2.855417480468750000e+02
1.010020613670349121e+00 -9.221344947814941406e+00 4.463104629516601562e+01 -2.125424041748046875e+02 4.005746841430664062e-01 2.855447692871093750e+02
1.009996652603149414e+00 -9.221019744873046875e+00 4.462903213500976562e+01 -2.125463256835937500e+02 4.001279175281524658e-01 2.855455322265625000e+02
1.010267496109008789e+00 -9.221318244934082031e+00 4.462740325927734375e+01 -2.125496215820312500e+02 4.001906514167785645e-01 2.855461120605468750e+02
1.009790420532226562e+00 -9.220781326293945312e+00 4.462505722045898438e+01 -2.125540313720703125e+02 4.005684256553649902e-01 2.855491027832031250e+02
1.010691285133361816e+00 -9.221825599670410156e+00 4.462397003173828125e+01 -2.125568084716796875e+02 3.998130261898040771e-01 2.855503234863281250e+02
1.010273337364196777e+00 -9.221643447875976562e+00 4.462225723266601562e+01 -2.125604553222656250e+02 4.004776775836944580e-01 2.855521240234375000e+02
1.010165095329284668e+00 -9.221323013305664062e+00 4.462038421630859375e+01 -2.125644683837890625e+02 4.002814590930938721e-01 2.855533752441406250e+02
1.010774016380310059e+00 -9.221391677856445312e+00 4.461940002441406250e+01 -2.125675201416015625e+02 4.002358913421630859e-01 2.855548706054687500e+02
1.010512471199035645e+00 -9.220870971679687500e+00 4.461756515502929688e+01 -2.125713500976562500e+02 4.000262022018432617e-01 2.855551757812500000e+02
1.010815382003784180e+00 -9.221702575683593750e+00 4.461590957641601562e+01 -2.125746002197265625e+02 3.999970555305480957e-01 2.855569763183593750e+02
1.010473847389221191e+00 -9.220875740051269531e+00 4.461391067504882812e+01 -2.125788574218750000e+02 4.003011584281921387e-01 2.855581054687500000e+02
1.011134505271911621e+00 -9.221776008605957031e+00 4.461275100708007812e+01 -2.125818176269531250e+02 4.000557959079742432e-01 2.855606079101562500e+02
1.010833024978637695e+00 -9.221304893493652344e+00 4.461083221435546875e+01 -2.125858459472656250e+02 4.003345370292663574e-01 2.855619812011718750e+02
1.010922431945800781e+00 -9.221997261047363281e+00 4.460865402221679688e+01 -2.125893707275390625e+02 4.002302587032318115e-01 2.855632324218750000e+02
1.011283159255981445e+00 -9.221964836120605469e+00 4.460709762573242188e+01 -2.125929718017578125e+02 4.001916646957397461e-01 2.855642395019531250e+02
1.010795354843139648e+00 -9.221418380737304688e+00 4.460537338256835938e+01 -2.125969238281250000e+02 4.003928899765014648e-01 2.855668334960937500e+02
1.011546373367309570e+00 -9.221962928771972656e+00 4.460422897338867188e+01 -2.125999603271484375e+02 4.002081751823425293e-01 2.855676574707031250e+02
1.011195778846740723e+00 -9.221833229064941406e+00 4.460192489624023438e+01 -2.126041412353515625e+02 4.002606570720672607e-01 2.855688476562500000e+02
1.011500835418701172e+00 -9.221590042114257812e+00 4.460046386718750000e+01 -2.126077117919921875e+02 4.001073539257049561e-01 2.855704956054687500e+02
1.011623859405517578e+00 -9.221324920654296875e+00 4.459840774536132812e+01 -2.126118927001953125e+02 3.997887670993804932e-01 2.855714416503906250e+02
1.011223316192626953e+00 -9.221044540405273438e+00 4.459657669067382812e+01 -2.126157379150390625e+02 4.005326926708221436e-01 2.855728149414062500e+02
1.011872887611389160e+00 -9.221596717834472656e+00 4.459557723999023438e+01 -2.126186065673828125e+02 3.998431265354156494e-01 2.855755920410156250e+02
1.011861562728881836e+00 -9.221453666687011719e+00 4.459425735473632812e+01 -2.126220245361328125e+02 4.003072082996368408e-01 2.855763244628906250e+02
1.011452555656433105e+00 -9.221731185913085938e+00 4.459138488769531250e+01 -2.126262969970703125e+02 4.001912474632263184e-01 2.855770874023437500e+02
1.012511014938354492e+00 -9.222040176391601562e+00 4.458987426757812500e+01 -2.126298828125000000e+02 4.000451266765594482e-01 2.855791320800781250e+02
1.011756896972656250e+00 -9.221919059753417969e+00 4.458719253540039062e+01 -2.126342163085937500e+02 4.001585543155670166e-01 2.855794067382812500e+02
1.011829137802124023e+00 -9.221991539001464844e+00 4.458560562133789062e+01 -2.126376953125000000e+02 4.004906415939331055e-01 2.855819091796875000e+02
1.012793660163879395e+00 -9.222329139709472656e+00 4.458452606201171875e+01 -2.126409149169921875e+02 3.999404311180114746e-01 2.855831909179687500e+02
1.011808633804321289e+00 -9.222833633422851562e+00 4.458202362060546875e+01 -2.126448669433593750e+02 4.002115428447723389e-01 2.855844726562500000e+02
1.012637019157409668e+00 -9.222346305847167969e+00 4.458156204223632812e+01 -2.126467132568359375e+02 4.001625776290893555e-01 2.855852050781250000e+02
1.012210249900817871e+00 -9.222512245178222656e+00 4.458042907714843750e+01 -2.126486663818359375e+02 4.003129303455352783e-01 2.855862121582031250e+02
1.012478947639465332e+00 -9.222485542297363281e+00 4.457976531982421875e+01 -2.126503906250000000e+02 4.001639187335968018e-01 2.855870666503906250e+02
1.012498378753662109e+00 -9.222216606140136719e+00 4.457879638671875000e+01 -2.126524658203125000e+02 4.003653228282928467e-01 2.855876159667968750e+02
1.012511491775512695e+00 -9.222099304199218750e+00 4.457780075073242188e+01 -2.126544494628906250e+02 4.001646935939788818e-01 2.855883483886718750e+02
1.012502670288085938e+00 -9.221826553344726562e+00 4.457675552368164062e+01 -2.126565704345703125e+02 4.003187119960784912e-01 2.855890197753906250e+02
1.012648582458496094e+00 -9.222058296203613281e+00 4.457590866088867188e+01 -2.126583557128906250e+02 4.001603424549102783e-01 2.855900878906250000e+02
1.012677550315856934e+00 -9.222372055053710938e+00 4.457485580444335938e+01 -2.126601257324218750e+02 4.004324376583099365e-01 2.855906982421875000e+02
1.012717366218566895e+00 -9.222489356994628906e+00 4.457381057739257812e+01 -2.126620788574218750e+02 4.000075757503509521e-01 2.855911254882812500e+02
1.012613415718078613e+00 -9.222512245178222656e+00 4.457276535034179688e+01 -2.126640319824218750e+02 4.003580510616302490e-01 2.855921020507812500e+02
1.012995362281799316e+00 -9.222220420837402344e+00 4.457197189331054688e+01 -2.126659851074218750e+02 4.001829326152801514e-01 2.855928039550781250e+02
1.012731552124023438e+00 -9.222380638122558594e+00 4.457099533081054688e+01 -2.126679077148437500e+02 4.001342356204986572e-01 2.855935058593750000e+02
1.012937068939208984e+00 -9.222134590148925781e+00 4.457009506225585938e+01 -2.126699218750000000e+02 4.002340435981750488e-01 2.855942382812500000e+02
1.012857079505920410e+00 -9.222373962402343750e+00 4.456899261474609375e+01 -2.126718444824218750e+02 4.002623558044433594e-01 2.855954589843750000e+02
1.013096570968627930e+00 -9.222510337829589844e+00 4.456816101074218750e+01 -2.126736145019531250e+02 4.003567099571228027e-01 2.855960083007812500e+02
1.012918114662170410e+00 -9.222500801086425781e+00 4.456690216064453125e+01 -2.126757049560546875e+02 4.001158475875854492e-01 2.855968322753906250e+02
1.013122320175170898e+00 -9.222324371337890625e+00 4.456607437133789062e+01 -2.126777496337890625e+02 4.001789093017578125e-01 2.855975952148437500e+02
1.013239026069641113e+00 -9.222239494323730469e+00 4.456511688232421875e+01 -2.126797332763671875e+02 4.002086520195007324e-01 2.855979003906250000e+02
1.012932062149047852e+00 -9.222504615783691406e+00 4.456379699707031250e+01 -2.126817474365234375e+02 4.001006782054901123e-01 2.855989074707031250e+02
1.013476729393005371e+00 -9.222565650939941406e+00 4.456315231323242188e+01 -2.126835479736328125e+02 4.005059301853179932e-01 2.855994873046875000e+02
1.013132691383361816e+00 -9.222401618957519531e+00 4.456184768676757812e+01 -2.126857299804687500e+02 4.000608921051025391e-01 2.855999755859375000e+02
1.013312816619873047e+00 -9.222634315490722656e+00 4.456093978881835938e+01 -2.126875610351562500e+02 4.001938998699188232e-01 2.856010437011718750e+02
1.013551950454711914e+00 -9.222336769104003906e+00 4.456013488769531250e+01 -2.126896667480468750e+02 4.002739787101745605e-01 2.856019592285156250e+02
1.013370633125305176e+00 -9.222487449645996094e+00 4.455884552001953125e+01 -2.126916809082031250e+02 4.000133574008941650e-01 2.856023559570312500e+02
1.013357043266296387e+00 -9.222427368164062500e+00 4.455774307250976562e+01 -2.126937408447265625e+02 4.001612961292266846e-01 2.856031494140625000e+02
1.013567686080932617e+00 -9.222203254699707031e+00 4.455690383911132812e+01 -2.126956787109375000e+02 4.002152085304260254e-01 2.856040039062500000e+02
1.013633370399475098e+00 -9.222085952758789062e+00 4.455596542358398438e+01 -2.126976928710937500e+02 4.002329111099243164e-01 2.856049499511718750e+02
1.013614058494567871e+00 -9.222226142883300781e+00 4.455489349365234375e+01 -2.126996154785156250e+02 4.000774025917053223e-01 2.856053466796875000e+02
1.013640403747558594e+00 -9.222597122192382812e+00 4.455368423461914062e+01 -2.127015686035156250e+02 4.001251459121704102e-01 2.856061706542968750e+02
1.013781785964965820e+00 -9.222426414489746094e+00 4.455263519287109375e+01 -2.127036743164062500e+02 4.003626108169555664e-01 2.856072998046875000e+02
1.013796329498291016e+00 -9.222541809082031250e+00 4.455147933959960938e+01 -2.127056732177734375e+02 4.000610411167144775e-01 2.856081848144531250e+02
1.013876914978027344e+00 -9.222734451293945312e+00 4.455038070678710938e+01 -2.127076568603515625e+02 4.002954661846160889e-01 2.856088256835937500e+02
1.013802051544189453e+00 -9.222591400146484375e+00 4.454912567138671875e+01 -2.127098846435546875e+02 4.000390172004699707e-01 2.856094665527343750e+02
1.013986229896545410e+00 -9.222864151000976562e+00 4.454810714721679688e+01 -2.127117462158203125e+02 4.003486037254333496e-01 2.856102905273437500e+02
1.013961076736450195e+00 -9.222321510314941406e+00 4.454693603515625000e+01 -2.127141113281250000e+02 4.001557528972625732e-01 2.856108093261718750e+02
1.014050126075744629e+00 -9.222898483276367188e+00 4.454593658447265625e+01 -2.127157745361328125e+02 4.002931416034698486e-01 2.856115417480468750e+02
1.014104485511779785e+00 -9.222794532775878906e+00 4.454488372802734375e+01 -2.127179107666015625e+02 4.001309871673583984e-01 2.856123046875000000e+02
1.014201402664184570e+00 -9.222442626953125000e+00 4.454372024536132812e+01 -2.127202148437500000e+02 4.003770351409912109e-01 2.856127319335937500e+02
1.014177083969116211e+00 -9.222412109375000000e+00 4.454254150390625000e+01 -2.127222900390625000e+02 4.000283181667327881e-01 2.856135253906250000e+02
1.014108657836914062e+00 -9.222525596618652344e+00 4.454147338867187500e+01 -2.127243041992187500e+02 4.001930952072143555e-01 2.856147155761718750e+02
1.014487385749816895e+00 -9.222877502441406250e+00 4.454052734375000000e+01 -2.127260131835937500e+02 4.002949297428131104e-01 2.856155395507812500e+02
1.014293313026428223e+00 -9.222968101501464844e+00 4.453915405273437500e+01 -2.127282104492187500e+02 4.002503454685211182e-01 2.856163330078125000e+02
1.014435410499572754e+00 -9.222959518432617188e+00 4.453802871704101562e+01 -2.127303009033203125e+02 4.000397324562072754e-01 2.856169128417968750e+02
1.014475822448730469e+00 -9.222875595092773438e+00 4.453677368164062500e+01 -2.127324981689453125e+02 4.004330933094024658e-01 2.856175537109375000e+02
1.014673113822937012e+00 -9.222743988037109375e+00 4.453568649291992188e+01 -2.127346343994140625e+02 4.000283777713775635e-01 2.856182250976562500e+02
1.014333605766296387e+00 -9.222873687744140625e+00 4.453422927856445312e+01 -2.127367706298828125e+02 4.001788198947906494e-01 2.856190795898437500e+02
1.014839768409729004e+00 -9.223044395446777344e+00 4.453344726562500000e+01 -2.127385559082031250e+02 4.002556800842285156e-01 2.856195373535156250e+02
1.014614820480346680e+00 -9.222475051879882812e+00 4.453213882446289062e+01 -2.127410583496093750e+02 4.000311493873596191e-01 2.856204833984375000e+02
1.014761924743652344e+00 -9.222764015197753906e+00 4.453113937377929688e+01 -2.127429199218750000e+02 4.002230167388916016e-01 2.856213684082031250e+02
1.014743924140930176e+00 -9.222471237182617188e+00 4.452985000610351562e+01 -2.127452545166015625e+02 4.002624154090881348e-01 2.856224060058593750e+02
1.014937043190002441e+00 -9.222508430480957031e+00 4.452929687500000000e+01 -2.127462463378906250e+02 4.004628062248229980e-01 2.856224060058593750e+02
1.014991760253906250e+00 -9.222714424133300781e+00 4.452862930297851562e+01 -2.127472381591796875e+02 4.001567959785461426e-01 2.856225891113281250e+02
1.014765262603759766e+00 -9.222645759582519531e+00 4.452769088745117188e+01 -2.127485351562500000e+02 4.001067578792572021e-01 2.856232299804687500e+02
1.014889717102050781e+00 -9.222585678100585938e+00 4.452719497680664062e+01 -2.127495117187500000e+02 4.002038538455963135e-01 2.856238708496093750e+02
1.015013813972473145e+00 -9.222871780395507812e+00 4.452674484252929688e+01 -2.127503509521484375e+02 4.002925455570220947e-01 2.856241455078125000e+02
1.015000820159912109e+00 -9.222575187683105469e+00 4.452607345581054688e+01 -2.127515869140625000e+02 4.002292454242706299e-01 2.856244201660156250e+02
1.015039443969726562e+00 -9.222594261169433594e+00 4.452547073364257812e+01 -2.127526245117187500e+02 4.001913666725158691e-01 2.856248474121093750e+02
1.015021443367004395e+00 -9.222653388977050781e+00 4.452485656738281250e+01 -2.127536621093750000e+02 4.001932442188262939e-01 2.856251220703125000e+02
1.015077948570251465e+00 -9.222716331481933594e+00 4.452425765991210938e+01 -2.127546997070312500e+02 4.002236425876617432e-01 2.856255493164062500e+02
1.015128135681152344e+00 -9.222627639770507812e+00 4.452364730834960938e+01 -2.127558441162109375e+02 4.002974927425384521e-01 2.856257629394531250e+02
1.015099048614501953e+00 -9.222979545593261719e+00 4.452293014526367188e+01 -2.127567749023437500e+02 4.000452458858489990e-01 2.856264648437500000e+02
1.015150427818298340e+00 -9.222815513610839844e+00 4.452233123779296875e+01 -2.127579040527343750e+02 4.003637731075286865e-01 2.856267700195312500e+02
1.015322566032409668e+00 -9.222911834716796875e+00 4.452173614501953125e+01 -2.127589111328125000e+02 4.002826213836669922e-01 2.856271057128906250e+02
1.015239953994750977e+00 -9.222919464111328125e+00 4.452132415771484375e+01 -2.127595062255859375e+02 4.001741409301757812e-01 2.856272583007812500e+02
1.015199422836303711e+00 -9.222919464111328125e+00 4.452095031738281250e+01 -2.127600860595703125e+02 4.002387523651123047e-01 2.856275024414062500e+02
1.015239715576171875e+00 -9.222881317138671875e+00 4.452064132690429688e+01 -2.127606658935546875e+02 4.002896845340728760e-01 2.856276245117187500e+02
1.015302062034606934e+00 -9.222938537597656250e+00 4.452029800415039062e+01 -2.127611999511718750e+02 4.002263247966766357e-01 2.856277160644531250e+02
1.015280723571777344e+00 -9.222889900207519531e+00 4.451992034912109375e+01 -2.127618103027343750e+02 4.001761078834533691e-01 2.856279907226562500e+02
1.015264511108398438e+00 -9.222943305969238281e+00 4.451957321166992188e+01 -2.127623138427734375e+02 4.001767337322235107e-01 2.856281738281250000e+02
1.015289902687072754e+00 -9.222979545593261719e+00 4.451927185058593750e+01 -2.127628326416015625e+02 4.002426266670227051e-01 2.856284484863281250e+02
1.015344977378845215e+00 -9.222918510437011719e+00 4.451896667480468750e+01 -2.127633819580078125e+02 4.002584815025329590e-01 2.856285400390625000e+02
1.015383958816528320e+00 -9.222930908203125000e+00 4.451863861083984375e+01 -2.127639160156250000e+02 4.002915024757385254e-01 2.856286621093750000e+02
1.015392303466796875e+00 -9.223042488098144531e+00 4.451825714111328125e+01 -2.127644500732421875e+02 4.002390205860137939e-01 2.856287841796875000e+02
1.015364289283752441e+00 -9.222956657409667969e+00 4.451787185668945312e+01 -2.127650604248046875e+02 4.001205563545227051e-01 2.856289062500000000e+02
1.015362143516540527e+00 -9.222980499267578125e+00 4.451751327514648438e+01 -2.127656402587890625e+02 4.002269208431243896e-01 2.856291198730468750e+02
1.015401721000671387e+00 -9.222958564758300781e+00 4.451719665527343750e+01 -2.127661895751953125e+02 4.001935422420501709e-01 2.856294250488281250e+02
1.015443444252014160e+00 -9.223006248474121094e+00 4.451688385009765625e+01 -2.127666778564453125e+02 4.002640843391418457e-01 2.856295166015625000e+02
1.015444159507751465e+00 -9.222833633422851562e+00 4.451651763916015625e+01 -2.127673950195312500e+02 4.002398550510406494e-01 2.856296691894531250e+02
1.015459060668945312e+00 -9.222908973693847656e+00 4.451633453369140625e+01 -2.127676239013671875e+02 4.002275168895721436e-01 2.856296997070312500e+02
1.015461325645446777e+00 -9.222898483276367188e+00 4.451615905761718750e+01 -2.127679138183593750e+02 4.002361297607421875e-01 2.856296997070312500e+02
1.015467762947082520e+00 -9.222894668579101562e+00 4.451597976684570312e+01 -2.127682189941406250e+02 4.002047479152679443e-01 2.856297302246093750e+02
1.015478491783142090e+00 -9.222914695739746094e+00 4.451579666137695312e+01 -2.127684936523437500e+02 4.002037942409515381e-01 2.856297302246093750e+02
1.015482664108276367e+00 -9.222897529602050781e+00 4.451560592651367188e+01 -2.127688140869140625e+02 4.002206921577453613e-01 2.856297607421875000e+02
1.015490889549255371e+00 -9.222911834716796875e+00 4.451543426513671875e+01 -2.127690887451171875e+02 4.002527594566345215e-01 2.856297607421875000e+02
1.015509605407714844e+00 -9.222895622253417969e+00 4.451527023315429688e+01 -2.127693939208984375e+02 4.002228975296020508e-01 2.856297607421875000e+02
1.015519857406616211e+00 -9.222926139831542969e+00 4.451509475708007812e+01 -2.127696685791015625e+02 4.002257585525512695e-01 2.856297607421875000e+02
1.015523076057434082e+00 -9.222941398620605469e+00 4.451490020751953125e+01 -2.127700042724609375e+02 4.002080261707305908e-01 2.856297607421875000e+02
1.015525817871093750e+00 -9.222947120666503906e+00 4.451468658447265625e+01 -2.127703094482421875e+02 4.001868665218353271e-01 2.856298522949218750e+02
1.015520811080932617e+00 -9.222899436950683594e+00 4.451451110839843750e+01 -2.127706298828125000e+02 4.002518951892852783e-01 2.856298522949218750e+02
1.015533685684204102e+00 -9.222914695739746094e+00 4.451441955566406250e+01 -2.127708129882812500e+02 4.002537131309509277e-01 2.856298522949218750e+02
1.015547871589660645e+00 -9.222889900207519531e+00 4.451432800292968750e+01 -2.127709960937500000e+02 4.002328217029571533e-01 2.856298522949218750e+02
1.015558719635009766e+00 -9.222891807556152344e+00 4.451423645019531250e+01 -2.127711791992187500e+02 4.002397060394287109e-01 2.856298522949218750e+02
1.015566349029541016e+00 -9.222923278808593750e+00 4.451414489746093750e+01 -2.127713623046875000e+02 4.002385139465332031e-01 2.856298522949218750e+02
1.015572071075439453e+00 -9.222922325134277344e+00 4.451405334472656250e+01 -2.127715454101562500e+02 4.002210497856140137e-01 2.856298522949218750e+02
1.015569567680358887e+00 -9.222906112670898438e+00 4.451396179199218750e+01 -2.127717285156250000e+02 4.002121686935424805e-01 2.856298522949218750e+02
1.015571117401123047e+00 -9.222935676574707031e+00 4.451387023925781250e+01 -2.127718963623046875e+02 4.002179503440856934e-01 2.856298522949218750e+02
1.015570640563964844e+00 -9.222927093505859375e+00 4.451377487182617188e+01 -2.127720794677734375e+02 4.002173244953155518e-01 2.856298522949218750e+02
1.015575528144836426e+00 -9.222909927368164062e+00 4.451368331909179688e+01 -2.127722625732421875e+02 4.002206921577453613e-01 2.856298522949218750e+02
1.015581488609313965e+00 -9.222918510437011719e+00 4.451359176635742188e+01 -2.127724456787109375e+02 4.002147316932678223e-01 2.856298522949218750e+02
1.015586972236633301e+00 -9.222923278808593750e+00 4.451350021362304688e+01 -2.127726287841796875e+02 4.002148509025573730e-01 2.856298522949218750e+02
1.015594959259033203e+00 -9.222947120666503906e+00 4.451340866088867188e+01 -2.127727966308593750e+02 4.002225995063781738e-01 2.856298522949218750e+02
1.015597343444824219e+00 -9.222950935363769531e+00 4.451336288452148438e+01 -2.127727966308593750e+02 4.002316594123840332e-01 2.856298522949218750e+02
1.015600085258483887e+00 -9.222941398620605469e+00 4.451331710815429688e+01 -2.127727966308593750e+02 4.002336859703063965e-01 2.856298522949218750e+02
1.015604734420776367e+00 -9.222941398620605469e+00 4.451327133178710938e+01 -2.127727966308593750e+02 4.002290964126586914e-01 2.856298522949218750e+02
1.015605330467224121e+00 -9.222942352294921875e+00 4.451322555541992188e+01 -2.127727966308593750e+02 4.002373516559600830e-01 2.856298522949218750e+02
1.015609979629516602e+00 -9.222946166992187500e+00 4.451317977905273438e+01 -2.127727966308593750e+02 4.002292454242706299e-01 2.856298522949218750e+02
1.015609622001647949e+00 -9.222947120666503906e+00 4.451313400268554688e+01 -2.127727966308593750e+02 4.002203345298767090e-01 2.856298522949218750e+02
1.015610456466674805e+00 -9.222932815551757812e+00 4.451308822631835938e+01 -2.127728118896484375e+02 4.002271294593811035e-01 2.856298522949218750e+02
1.015613675117492676e+00 -9.222939491271972656e+00 4.451304244995117188e+01 -2.127728118896484375e+02 4.002192616462707520e-01 2.856298522949218750e+02
1.015616893768310547e+00 -9.222941398620605469e+00 4.451299667358398438e+01 -2.127728118896484375e+02 4.002248048782348633e-01 2.856298522949218750e+02
1.015617489814758301e+00 -9.222944259643554688e+00 4.451295089721679688e+01 -2.127728118896484375e+02 4.002254903316497803e-01 2.856298522949218750e+02
1.015621423721313477e+00 -9.222950935363769531e+00 4.451290512084960938e+01 -2.127728118896484375e+02 4.002182781696319580e-01 2.856298522949218750e+02
1.015622138977050781e+00 -9.222943305969238281e+00 4.451285934448242188e+01 -2.127728118896484375e+02 4.002220332622528076e-01 2.856298522949218750e+02
1.015623211860656738e+00 -9.222939491271972656e+00 4.451281356811523438e+01 -2.127728118896484375e+02 4.002218544483184814e-01 2.856298522949218750e+02
1.015625000000000000e+00 -9.222948074340820312e+00 4.451276779174804688e+01 -2.127728118896484375e+02 4.002256393432617188e-01 2.856298522949218750e+02
1.015624761581420898e+00 -9.222943305969238281e+00 4.451272201538085938e+01 -2.127728118896484375e+02 4.002257883548736572e-01 2.856298522949218750e+02
1.015626192092895508e+00 -9.222945213317871094e+00 4.451267623901367188e+01 -2.127728118896484375e+02 4.002266824245452881e-01 2.856298522949218750e+02
1.015627741813659668e+00 -9.222943305969238281e+00 4.451263046264648438e+01 -2.127728118896484375e+02 4.002228975296020508e-01 2.856298522949218750e+02
1.015629529953002930e+00 -9.222942352294921875e+00 4.451258468627929688e+01 -2.127728118896484375e+02 4.002234637737274170e-01 2.856298522949218750e+02
1.015630006790161133e+00 -9.222941398620605469e+00 4.451253890991210938e+01 -2.127728118896484375e+02 4.002211391925811768e-01 2.856298522949218750e+02
1.015631318092346191e+00 -9.222948074340820312e+00 4.451249313354492188e+01 -2.127728118896484375e+02 4.002149999141693115e-01 2.856298522949218750e+02
1.015630364418029785e+00 -9.222944259643554688e+00 4.451244735717773438e+01 -2.127728118896484375e+02 4.002234339714050293e-01 2.856298522949218750e+02
1.015633344650268555e+00 -9.222944259643554688e+00 4.451240158081054688e+01 -2.127728118896484375e+02 4.002258479595184326e-01 2.856298522949218750e+02
1.015633583068847656e+00 -9.222941398620605469e+00 4.451240158081054688e+01 -2.127728118896484375e+02 4.002249538898468018e-01 2.856298522949218750e+02
1.015634179115295410e+00 -9.222945213317871094e+00 4.451240158081054688e+01 -2.127728118896484375e+02 4.002241492271423340e-01 2.856298522949218750e+02
1.015634655952453613e+00 -9.222946166992187500e+00 4.451240158081054688e+01 -2.127728118896484375e+02 4.002237319946289062e-01 2.856298522949218750e+02
1.015635490417480469e+00 -9.222947120666503906e+00 4.451240158081054688e+01 -2.127728118896484375e+02 4.002247154712677002e-01 2.856298522949218750e+02
1.015635848045349121e+00 -9.222946166992187500e+00 4.451240158081054688e+01 -2.127728118896484375e+02 4.002245068550109863e-01 2.856298522949218750e+02
1.015635728836059570e+00 -9.222946166992187500e+00 4.451240158081054688e+01 -2.127728118896484375e+02 4.002214074134826660e-01 2.856298522949218750e+02
1.015636086463928223e+00 -9.222946166992187500e+00 4.451240158081054688e+01 -2.127728118896484375e+02 4.002260267734527588e-01 2.856298522949218750e+02
1.015636920928955078e+00 -9.222949028015136719e+00 4.451240158081054688e+01 -2.127728118896484375e+02 4.002224206924438477e-01 2.856298522949218750e+02
1.015636563301086426e+00 -9.222946166992187500e+00 4.451240158081054688e+01 -2.127728118896484375e+02 4.002251923084259033e-01 2.856298522949218750e+02
1.015637278556823730e+00 -9.222948074340820312e+00 4.451240158081054688e+01 -2.127728118896484375e+02 4.002212882041931152e-01 2.856298522949218750e+02
1.015637516975402832e+00 -9.222948074340820312e+00 4.451240158081054688e+01 -2.127728118896484375e+02 4.002228081226348877e-01 2.856298522949218750e+02
1.015637516975402832e+00 -9.222948074340820312e+00 4.451240158081054688e+01 -2.127728118896484375e+02 4.002240896224975586e-01 2.856298522949218750e+02
1.015637874603271484e+00 -9.222948074340820312e+00 4.451240158081054688e+01 -2.127728118896484375e+02 4.002231061458587646e-01 2.856298522949218750e+02
1.015637755393981934e+00 -9.222948074340820312e+00 4.451240158081054688e+01 -2.127728118896484375e+02 4.002234041690826416e-01 2.856298522949218750e+02
1.015637755393981934e+00 -9.222948074340820312e+00 4.451240158081054688e+01 -2.127728118896484375e+02 4.002236425876617432e-01 2.856298522949218750e+02
1.015637874603271484e+00 -9.222948074340820312e+00 4.451240158081054688e+01 -2.127728118896484375e+02 4.002231657505035400e-01 2.856298522949218750e+02
1.015637874603271484e+00 -9.222948074340820312e+00 4.451240158081054688e+01 -2.127728118896484375e+02 4.002224802970886230e-01 2.856298522949218750e+02
1.015637874603271484e+00 -9.222948074340820312e+00 4.451240158081054688e+01 -2.127728118896484375e+02 4.002234041690826416e-01 2.856298522949218750e+02
1.015637993812561035e+00 -9.222948074340820312e+00 4.451240158081054688e+01 -2.127728118896484375e+02 4.002227783203125000e-01 2.856298522949218750e+02
1.015637874603271484e+00 -9.222948074340820312e+00 4.451240158081054688e+01 -2.127728118896484375e+02 4.002225697040557861e-01 2.856298522949218750e+02
1.015638113021850586e+00 -9.222948074340820312e+00 4.451240158081054688e+01 -2.127728118896484375e+02 4.002225995063781738e-01 2.856298522949218750e+02
1.015638351440429688e+00 -9.222948074340820312e+00 4.451240158081054688e+01 -2.127728118896484375e+02 4.002224206924438477e-01 2.856298522949218750e+02
1.015638351440429688e+00 -9.222948074340820312e+00 4.451240158081054688e+01 -2.127728118896484375e+02 4.002228975296020508e-01 2.856298522949218750e+02
1.015638351440429688e+00 -9.222948074340820312e+00 4.451240158081054688e+01 -2.127728118896484375e+02 4.002228379249572754e-01 2.856298522949218750e+02
1.015638351440429688e+00 -9.222948074340820312e+00 4.451240158081054688e+01 -2.127728118896484375e+02 4.002231657505035400e-01 2.856298522949218750e+02
1.015638351440429688e+00 -9.222948074340820312e+00 4.451240158081054688e+01 -2.127728118896484375e+02 4.002233743667602539e-01 2.856298522949218750e+02
1.015638351440429688e+00 -9.222948074340820312e+00 4.451240158081054688e+01 -2.127728118896484375e+02 4.002226889133453369e-01 2.856298522949218750e+02
1.015638351440429688e+00 -9.222948074340820312e+00 4.451240158081054688e+01 -2.127728118896484375e+02 4.002226293087005615e-01 2.856298522949218750e+02
1.015638351440429688e+00 -9.222948074340820312e+00 4.451240158081054688e+01 -2.127728118896484375e+02 4.002229273319244385e-01 2.856298522949218750e+02
1.015638351440429688e+00 -9.222948074340820312e+00 4.451240158081054688e+01 -2.127728118896484375e+02 4.002233445644378662e-01 2.856298522949218750e+02
1.015638351440429688e+00 -9.222948074340820312e+00 4.451240158081054688e+01 -2.127728118896484375e+02 4.002228379249572754e-01 2.856298522949218750e+02
1.015638351440429688e+00 -9.222948074340820312e+00 4.451240158081054688e+01 -2.127728118896484375e+02 4.002232849597930908e-01 2.856298522949218750e+02
1.015638351440429688e+00 -9.222948074340820312e+00 4.451240158081054688e+01 -2.127728118896484375e+02 4.002234935760498047e-01 2.856298522949218750e+02
1.015638351440429688e+00 -9.222948074340820312e+00 4.451240158081054688e+01 -2.127728118896484375e+02 4.002235531806945801e-01 2.856298522949218750e+02
1.015638351440429688e+00 -9.222948074340820312e+00 4.451240158081054688e+01 -2.127728118896484375e+02 4.002228081226348877e-01 2.856298522949218750e+02
1.015638351440429688e+00 -9.222948074340820312e+00 4.451240158081054688e+01 -2.127728118896484375e+02 4.002230465412139893e-01 2.856298522949218750e+02
1.015638351440429688e+00 -9.222948074340820312e+00 4.451240158081054688e+01 -2.127728118896484375e+02 4.002233147621154785e-01 2.856298522949218750e+02
1.015638351440429688e+00 -9.222948074340820312e+00 4.451240158081054688e+01 -2.127728118896484375e+02 4.002231657505035400e-01 2.856298522949218750e+02
1.015638351440429688e+00 -9.222948074340820312e+00 4.451240158081054688e+01 -2.127728118896484375e+02 4.002233445644378662e-01 2.856298522949218750e+02
1.015638351440429688e+00 -9.222948074340820312e+00 4.451240158081054688e+01 -2.127728118896484375e+02 4.002231061458587646e-01 2.856298522949218750e+02
1.015638351440429688e+00 -9.222948074340820312e+00 4.451240158081054688e+01 -2.127728118896484375e+02 4.002232253551483154e-01 2.856298522949218750e+02
1.015638351440429688e+00 -9.222948074340820312e+00 4.451240158081054688e+01 -2.127728118896484375e+02 4.002229273319244385e-01 2.856298522949218750e+02
1.015638351440429688e+00 -9.222948074340820312e+00 4.451240158081054688e+01 -2.127728118896484375e+02 4.002230465412139893e-01 2.856298522949218750e+02
1.015638351440429688e+00 -9.222948074340820312e+00 4.451240158081054688e+01 -2.127728118896484375e+02 4.002227187156677246e-01 2.856298522949218750e+02
1.015638351440429688e+00 -9.222948074340820312e+00 4.451240158081054688e+01 -2.127728118896484375e+02 4.002226591110229492e-01 2.856298522949218750e+02
1.015638351440429688e+00 -9.222948074340820312e+00 4.451240158081054688e+01 -2.127728118896484375e+02 4.002227783203125000e-01 2.856298522949218750e+02
1.015638351440429688e+00 -9.222948074340820312e+00 4.451240158081054688e+01 -2.127728118896484375e+02 4.002229273319244385e-01 2.856298522949218750e+02
1.015638351440429688e+00 -9.222948074340820312e+00 4.451240158081054688e+01 -2.127728118896484375e+02 4.002229273319244385e-01 2.856298522949218750e+02
1.015638351440429688e+00 -9.222948074340820312e+00 4.451240158081054688e+01 -2.127728118896484375e+02 4.002228677272796631e-01 2.856298522949218750e+02
1.015638351440429688e+00 -9.222948074340820312e+00 4.451240158081054688e+01 -2.127728118896484375e+02 4.002228677272796631e-01 2.856298522949218750e+02
1.015638351440429688e+00 -9.222948074340820312e+00 4.451240158081054688e+01 -2.127728118896484375e+02 4.002230465412139893e-01 2.856298522949218750e+02
1.015638351440429688e+00 -9.222948074340820312e+00 4.451240158081054688e+01 -2.127728118896484375e+02 4.002228677272796631e-01 2.856298522949218750e+02
1.015638351440429688e+00 -9.222948074340820312e+00 4.451240158081054688e+01 -2.127728118896484375e+02 4.002226889133453369e-01 2.856298522949218750e+02
1.015638351440429688e+00 -9.222948074340820312e+00 4.451240158081054688e+01 -2.127728118896484375e+02 4.002229571342468262e-01 2.856298522949218750e+02
1.015638351440429688e+00 -9.222948074340820312e+00 4.451240158081054688e+01 -2.127728118896484375e+02 4.002231061458587646e-01 2.856298522949218750e+02
1.015638351440429688e+00 -9.222948074340820312e+00 4.451240158081054688e+01 -2.127728118896484375e+02 4.002230763435363770e-01 2.856298522949218750e+02
1.015638351440429688e+00 -9.222948074340820312e+00 4.451240158081054688e+01 -2.127728118896484375e+02 4.002230763435363770e-01 2.856298522949218750e+02
1.015638351440429688e+00 -9.222948074340820312e+00 4.451240158081054688e+01 -2.127728118896484375e+02 4.002230763435363770e-01 2.856298522949218750e+02
1.015638351440429688e+00 -9.222948074340820312e+00 4.451240158081054688e+01 -2.127728118896484375e+02 4.002230763435363770e-01 2.856298522949218750e+02
1.015638351440429688e+00 -9.222948074340820312e+00 4.451240158081054688e+01 -2.127728118896484375e+02 4.002230763435363770e-01 2.856298522949218750e+02
1.015638351440429688e+00 -9.222948074340820312e+00 4.451240158081054688e+01 -2.127728118896484375e+02 4.002230763435363770e-01 2.856298522949218750e+02
1.015638351440429688e+00 -9.222948074340820312e+00 4.451240158081054688e+01 -2.127728118896484375e+02 4.002230763435363770e-01 2.856298522949218750e+02
1.015638351440429688e+00 -9.222948074340820312e+00 4.451240158081054688e+01 -2.127728118896484375e+02 4.002231359481811523e-01 2.856298522949218750e+02
1.015638351440429688e+00 -9.222948074340820312e+00 4.451240158081054688e+01 -2.127728118896484375e+02 4.002230167388916016e-01 2.856298522949218750e+02
1.015638351440429688e+00 -9.222948074340820312e+00 4.451240158081054688e+01 -2.127728118896484375e+02 4.002230167388916016e-01 2.856298522949218750e+02
1.015638351440429688e+00 -9.222948074340820312e+00 4.451240158081054688e+01 -2.127728118896484375e+02 4.002230465412139893e-01 2.856298522949218750e+02
1.015638351440429688e+00 -9.222948074340820312e+00 4.451240158081054688e+01 -2.127728118896484375e+02 4.002230465412139893e-01 2.856298522949218750e+02
1.015638351440429688e+00 -9.222948074340820312e+00 4.451240158081054688e+01 -2.127728118896484375e+02 4.002230465412139893e-01 2.856298522949218750e+02
1.015638351440429688e+00 -9.222948074340820312e+00 4.451240158081054688e+01 -2.127728118896484375e+02 4.002230465412139893e-01 2.856298522949218750e+02
1.015638351440429688e+00 -9.222948074340820312e+00 4.451240158081054688e+01 -2.127728118896484375e+02 4.002230465412139893e-01 2.856298522949218750e+02
1.015638351440429688e+00 -9.222948074340820312e+00 4.451240158081054688e+01 -2.127728118896484375e+02 4.002230465412139893e-01 2.856298522949218750e+02
1.015638351440429688e+00 -9.222948074340820312e+00 4.451240158081054688e+01 -2.127728118896484375e+02 4.002230465412139893e-01 2.856298522949218750e+02
1.015638351440429688e+00 -9.222948074340820312e+00 4.451240158081054688e+01 -2.127728118896484375e+02 4.002230465412139893e-01 2.856298522949218750e+02
1.015638351440429688e+00 -9.222948074340820312e+00 4.451240158081054688e+01 -2.127728118896484375e+02 4.002230465412139893e-01 2.856298522949218750e+02
1.015638351440429688e+00 -9.222948074340820312e+00 4.451240158081054688e+01 -2.127728118896484375e+02 4.002230465412139893e-01 2.856298522949218750e+02
1.015638351440429688e+00 -9.222948074340820312e+00 4.451240158081054688e+01 -2.127728118896484375e+02 4.002230465412139893e-01 2.856298522949218750e+02
1.015638351440429688e+00 -9.222948074340820312e+00 4.451240158081054688e+01 -2.127728118896484375e+02 4.002230465412139893e-01 2.856298522949218750e+02
1.015638351440429688e+00 -9.222948074340820312e+00 4.451240158081054688e+01 -2.127728118896484375e+02 4.002230465412139893e-01 2.856298522949218750e+02
1.015638351440429688e+00 -9.222948074340820312e+00 4.451240158081054688e+01 -2.127728118896484375e+02 4.002230465412139893e-01 2.856298522949218750e+02
1.015638351440429688e+00 -9.222948074340820312e+00 4.451240158081054688e+01 -2.127728118896484375e+02 4.002230465412139893e-01 2.856298522949218750e+02
1.015638351440429688e+00 -9.222948074340820312e+00 4.451240158081054688e+01 -2.127728118896484375e+02 4.002230465412139893e-01 2.856298522949218750e+02
1.015638351440429688e+00 -9.222948074340820312e+00 4.451240158081054688e+01 -2.127728118896484375e+02 4.002230465412139893e-01 2.856298522949218750e+02
1.015638351440429688e+00 -9.222948074340820312e+00 4.451240158081054688e+01 -2.127728118896484375e+02 4.002230465412139893e-01 2.856298522949218750e+02
1.015638351440429688e+00 -9.222948074340820312e+00 4.451240158081054688e+01 -2.127728118896484375e+02 4.002230465412139893e-01 2.856298522949218750e+02
1.015638351440429688e+00 -9.222948074340820312e+00 4.451240158081054688e+01 -2.127728118896484375e+02 4.002230465412139893e-01 2.856298522949218750e+02
1.015638351440429688e+00 -9.222948074340820312e+00 4.451240158081054688e+01 -2.127728118896484375e+02 4.002230465412139893e-01 2.856298522949218750e+02
1.015638351440429688e+00 -9.222948074340820312e+00 4.451240158081054688e+01 -2.127728118896484375e+02 4.002230465412139893e-01 2.856298522949218750e+02
1.015638351440429688e+00 -9.222948074340820312e+00 4.451240158081054688e+01 -2.127728118896484375e+02 4.002230465412139893e-01 2.856298522949218750e+02
1.015638351440429688e+00 -9.222948074340820312e+00 4.451240158081054688e+01 -2.127728118896484375e+02 4.002230465412139893e-01 2.856298522949218750e+02
1.015638351440429688e+00 -9.222948074340820312e+00 4.451240158081054688e+01 -2.127728118896484375e+02 4.002230465412139893e-01 2.856298522949218750e+02
1.015638351440429688e+00 -9.222948074340820312e+00 4.451240158081054688e+01 -2.127728118896484375e+02 4.002230465412139893e-01 2.856298522949218750e+02
1.015638351440429688e+00 -9.222948074340820312e+00 4.451240158081054688e+01 -2.127728118896484375e+02 4.002230465412139893e-01 2.856298522949218750e+02
1.015638351440429688e+00 -9.222948074340820312e+00 4.451240158081054688e+01 -2.127728118896484375e+02 4.002230465412139893e-01 2.856298522949218750e+02
1.015638351440429688e+00 -9.222948074340820312e+00 4.451240158081054688e+01 -2.127728118896484375e+02 4.002230465412139893e-01 2.856298522949218750e+02
1.015638351440429688e+00 -9.222948074340820312e+00 4.451240158081054688e+01 -2.127728118896484375e+02 4.002230465412139893e-01 2.856298522949218750e+02
1.015638351440429688e+00 -9.222948074340820312e+00 4.451240158081054688e+01 -2.127728118896484375e+02 4.002230465412139893e-01 2.856298522949218750e+02
1.015638351440429688e+00 -9.222948074340820312e+00 4.451240158081054688e+01 -2.127728118896484375e+02 4.002230465412139893e-01 2.856298522949218750e+02
1.015638351440429688e+00 -9.222948074340820312e+00 4.451240158081054688e+01 -2.127728118896484375e+02 4.002230465412139893e-01 2.856298522949218750e+02
1.015638351440429688e+00 -9.222948074340820312e+00 4.451240158081054688e+01 -2.127728118896484375e+02 4.002230465412139893e-01 2.856298522949218750e+02
1.015638351440429688e+00 -9.222948074340820312e+00 4.451240158081054688e+01 -2.127728118896484375e+02 4.002230465412139893e-01 2.856298522949218750e+02
1.015638351440429688e+00 -9.222948074340820312e+00 4.451240158081054688e+01 -2.127728118896484375e+02 4.002230465412139893e-01 2.856298522949218750e+02
1.015638351440429688e+00 -9.222948074340820312e+00 4.451240158081054688e+01 -2.127728118896484375e+02 4.002230465412139893e-01 2.856298522949218750e+02
1.015638351440429688e+00 -9.222948074340820312e+00 4.451240158081054688e+01 -2.127728118896484375e+02 4.002230465412139893e-01 2.856298522949218750e+02
1.015638351440429688e+00 -9.222948074340820312e+00 4.451240158081054688e+01 -2.127728118896484375e+02 4.002230465412139893e-01 2.856298522949218750e+02
1.015638351440429688e+00 -9.222948074340820312e+00 4.451240158081054688e+01 -2.127728118896484375e+02 4.002230465412139893e-01 2.856298522949218750e+02
1.015638351440429688e+00 -9.222948074340820312e+00 4.451240158081054688e+01 -2.127728118896484375e+02 4.002230465412139893e-01 2.856298522949218750e+02
1.015638351440429688e+00 -9.222948074340820312e+00 4.451240158081054688e+01 -2.127728118896484375e+02 4.002230465412139893e-01 2.856298522949218750e+02
1.015638351440429688e+00 -9.222948074340820312e+00 4.451240158081054688e+01 -2.127728118896484375e+02 4.002230465412139893e-01 2.856298522949218750e+02
1.015638351440429688e+00 -9.222948074340820312e+00 4.451240158081054688e+01 -2.127728118896484375e+02 4.002230465412139893e-01 2.856298522949218750e+02
1.015638351440429688e+00 -9.222948074340820312e+00 4.451240158081054688e+01 -2.127728118896484375e+02 4.002230465412139893e-01 2.856298522949218750e+02
1.015638351440429688e+00 -9.222948074340820312e+00 4.451240158081054688e+01 -2.127728118896484375e+02 4.002230465412139893e-01 2.856298522949218750e+02
1.015638351440429688e+00 -9.222948074340820312e+00 4.451240158081054688e+01 -2.127728118896484375e+02 4.002230465412139893e-01 2.856298522949218750e+02
1.015638351440429688e+00 -9.222948074340820312e+00 4.451240158081054688e+01 -2.127728118896484375e+02 4.002230465412139893e-01 2.856298522949218750e+02
1.015638351440429688e+00 -9.222948074340820312e+00 4.451240158081054688e+01 -2.127728118896484375e+02 4.002230465412139893e-01 2.856298522949218750e+02
1.015638351440429688e+00 -9.222948074340820312e+00 4.451240158081054688e+01 -2.127728118896484375e+02 4.002230465412139893e-01 2.856298522949218750e+02
1.015638351440429688e+00 -9.222948074340820312e+00 4.451240158081054688e+01 -2.127728118896484375e+02 4.002230465412139893e-01 2.856298522949218750e+02
1.015638351440429688e+00 -9.222948074340820312e+00 4.451240158081054688e+01 -2.127728118896484375e+02 4.002230465412139893e-01 2.856298522949218750e+02
1.015638351440429688e+00 -9.222948074340820312e+00 4.451240158081054688e+01 -2.127728118896484375e+02 4.002230465412139893e-01 2.856298522949218750e+02
1.015638351440429688e+00 -9.222948074340820312e+00 4.451240158081054688e+01 -2.127728118896484375e+02 4.002230465412139893e-01 2.856298522949218750e+02
1.015638351440429688e+00 -9.222948074340820312e+00 4.451240158081054688e+01 -2.127728118896484375e+02 4.002230465412139893e-01 2.856298522949218750e+02
1.015638351440429688e+00 -9.222948074340820312e+00 4.451240158081054688e+01 -2.127728118896484375e+02 4.002230465412139893e-01 2.856298522949218750e+02
1.015638351440429688e+00 -9.222948074340820312e+00 4.451240158081054688e+01 -2.127728118896484375e+02 4.002230465412139893e-01 2.856298522949218750e+02
1.015638351440429688e+00 -9.222948074340820312e+00 4.451240158081054688e+01 -2.127728118896484375e+02 4.002230465412139893e-01 2.856298522949218750e+02
1.015638351440429688e+00 -9.222948074340820312e+00 4.451240158081054688e+01 -2.127728118896484375e+02 4.002230465412139893e-01 2.856298522949218750e+02
1.015638351440429688e+00 -9.222948074340820312e+00 4.451240158081054688e+01 -2.127728118896484375e+02 4.002230465412139893e-01 2.856298522949218750e+02
1.015638351440429688e+00 -9.222948074340820312e+00 4.451240158081054688e+01 -2.127728118896484375e+02 4.002230465412139893e-01 2.856298522949218750e+02
1.015638351440429688e+00 -9.222948074340820312e+00 4.451240158081054688e+01 -2.127728118896484375e+02 4.002230465412139893e-01 2.856298522949218750e+02
1.015638351440429688e+00 -9.222948074340820312e+00 4.451240158081054688e+01 -2.127728118896484375e+02 4.002230465412139893e-01 2.856298522949218750e+02
1.015638351440429688e+00 -9.222948074340820312e+00 4.451240158081054688e+01 -2.127728118896484375e+02 4.002230465412139893e-01 2.856298522949218750e+02
1.015638351440429688e+00 -9.222948074340820312e+00 4.451240158081054688e+01 -2.127728118896484375e+02 4.002230465412139893e-01 2.856298522949218750e+02
1.015638351440429688e+00 -9.222948074340820312e+00 4.451240158081054688e+01 -2.127728118896484375e+02 4.002230465412139893e-01 2.856298522949218750e+02
1.015638351440429688e+00 -9.222948074340820312e+00 4.451240158081054688e+01 -2.127728118896484375e+02 4.002230465412139893e-01 2.856298522949218750e+02
1.015638351440429688e+00 -9.222948074340820312e+00 4.451240158081054688e+01 -2.127728118896484375e+02 4.002230465412139893e-01 2.856298522949218750e+02
1.015638351440429688e+00 -9.222948074340820312e+00 4.451240158081054688e+01 -2.127728118896484375e+02 4.002230465412139893e-01 2.856298522949218750e+02
1.015638351440429688e+00 -9.222948074340820312e+00 4.451240158081054688e+01 -2.127728118896484375e+02 4.002230465412139893e-01 2.856298522949218750e+02
1.015638351440429688e+00 -9.222948074340820312e+00 4.451240158081054688e+01 -2.127728118896484375e+02 4.002230465412139893e-01 2.856298522949218750e+02
1.015638351440429688e+00 -9.222948074340820312e+00 4.451240158081054688e+01 -2.127728118896484375e+02 4.002230465412139893e-01 2.856298522949218750e+02
1.015638351440429688e+00 -9.222948074340820312e+00 4.451240158081054688e+01 -2.127728118896484375e+02 4.002230465412139893e-01 2.856298522949218750e+02
1.015638351440429688e+00 -9.222948074340820312e+00 4.451240158081054688e+01 -2.127728118896484375e+02 4.002230465412139893e-01 2.856298522949218750e+02
1.015638351440429688e+00 -9.222948074340820312e+00 4.451240158081054688e+01 -2.127728118896484375e+02 4.002230465412139893e-01 2.856298522949218750e+02
1.015638351440429688e+00 -9.222948074340820312e+00 4.451240158081054688e+01 -2.127728118896484375e+02 4.002230465412139893e-01 2.856298522949218750e+02
1.015638351440429688e+00 -9.222948074340820312e+00 4.451240158081054688e+01 -2.127728118896484375e+02 4.002230465412139893e-01 2.856298522949218750e+02
1.015638351440429688e+00 -9.222948074340820312e+00 4.451240158081054688e+01 -2.127728118896484375e+02 4.002230465412139893e-01 2.856298522949218750e+02
1.015638351440429688e+00 -9.222948074340820312e+00 4.451240158081054688e+01 -2.127728118896484375e+02 4.002230465412139893e-01 2.856298522949218750e+02
1.015638351440429688e+00 -9.222948074340820312e+00 4.451240158081054688e+01 -2.127728118896484375e+02 4.002230465412139893e-01 2.856298522949218750e+02
1.015638351440429688e+00 -9.222948074340820312e+00 4.451240158081054688e+01 -2.127728118896484375e+02 4.002230465412139893e-01 2.856298522949218750e+02
1.015638351440429688e+00 -9.222948074340820312e+00 4.451240158081054688e+01 -2.127728118896484375e+02 4.002230465412139893e-01 2.856298522949218750e+02
1.015638351440429688e+00 -9.222948074340820312e+00 4.451240158081054688e+01 -2.127728118896484375e+02 4.002230465412139893e-01 2.856298522949218750e+02
1.015638351440429688e+00 -9.222948074340820312e+00 4.451240158081054688e+01 -2.127728118896484375e+02 4.002230465412139893e-01 2.856298522949218750e+02
1.015638351440429688e+00 -9.222948074340820312e+00 4.451240158081054688e+01 -2.127728118896484375e+02 4.002230465412139893e-01 2.856298522949218750e+02
1.015638351440429688e+00 -9.222948074340820312e+00 4.451240158081054688e+01 -2.127728118896484375e+02 4.002230465412139893e-01 2.856298522949218750e+02
1.015638351440429688e+00 -9.222948074340820312e+00 4.451240158081054688e+01 -2.127728118896484375e+02 4.002230465412139893e-01 2.856298522949218750e+02
1.015638351440429688e+00 -9.222948074340820312e+00 4.451240158081054688e+01 -2.127728118896484375e+02 4.002230465412139893e-01 2.856298522949218750e+02
1.015638351440429688e+00 -9.222948074340820312e+00 4.451240158081054688e+01 -2.127728118896484375e+02 4.002230465412139893e-01 2.856298522949218750e+02
1.015638351440429688e+00 -9.222948074340820312e+00 4.451240158081054688e+01 -2.127728118896484375e+02 4.002230465412139893e-01 2.856298522949218750e+02
1.015638351440429688e+00 -9.222948074340820312e+00 4.451240158081054688e+01 -2.127728118896484375e+02 4.002230465412139893e-01 2.856298522949218750e+02
1.015638351440429688e+00 -9.222948074340820312e+00 4.451240158081054688e+01 -2.127728118896484375e+02 4.002230465412139893e-01 2.856298522949218750e+02
1.015638351440429688e+00 -9.222948074340820312e+00 4.451240158081054688e+01 -2.127728118896484375e+02 4.002230465412139893e-01 2.856298522949218750e+02
1.015638351440429688e+00 -9.222948074340820312e+00 4.451240158081054688e+01 -2.127728118896484375e+02 4.002230465412139893e-01 2.856298522949218750e+02
1.015638351440429688e+00 -9.222948074340820312e+00 4.451240158081054688e+01 -2.127728118896484375e+02 4.002230465412139893e-01 2.856298522949218750e+02
1.015638351440429688e+00 -9.222948074340820312e+00 4.451240158081054688e+01 -2.127728118896484375e+02 4.002230465412139893e-01 2.856298522949218750e+02
1.015638351440429688e+00 -9.222948074340820312e+00 4.451240158081054688e+01 -2.127728118896484375e+02 4.002230465412139893e-01 2.856298522949218750e+02
1.015638351440429688e+00 -9.222948074340820312e+00 4.451240158081054688e+01 -2.127728118896484375e+02 4.002230465412139893e-01 2.856298522949218750e+02
1.015638351440429688e+00 -9.222948074340820312e+00 4.451240158081054688e+01 -2.127728118896484375e+02 4.002230465412139893e-01 2.856298522949218750e+02
1.015638351440429688e+00 -9.222948074340820312e+00 4.451240158081054688e+01 -2.127728118896484375e+02 4.002230465412139893e-01 2.856298522949218750e+02
1.015638351440429688e+00 -9.222948074340820312e+00 4.451240158081054688e+01 -2.127728118896484375e+02 4.002230465412139893e-01 2.856298522949218750e+02
1.015638351440429688e+00 -9.222948074340820312e+00 4.451240158081054688e+01 -2.127728118896484375e+02 4.002230465412139893e-01 2.856298522949218750e+02
1.015638351440429688e+00 -9.222948074340820312e+00 4.451240158081054688e+01 -2.127728118896484375e+02 4.002230465412139893e-01 2.856298522949218750e+02
1.015638351440429688e+00 -9.222948074340820312e+00 4.451240158081054688e+01 -2.127728118896484375e+02 4.002230465412139893e-01 2.856298522949218750e+02
1.015638351440429688e+00 -9.222948074340820312e+00 4.451240158081054688e+01 -2.127728118896484375e+02 4.002230465412139893e-01 2.856298522949218750e+02
1.015638351440429688e+00 -9.222948074340820312e+00 4.451240158081054688e+01 -2.127728118896484375e+02 4.002230465412139893e-01 2.856298522949218750e+02
1.015638351440429688e+00 -9.222948074340820312e+00 4.451240158081054688e+01 -2.127728118896484375e+02 4.002230465412139893e-01 2.856298522949218750e+02
1.015638351440429688e+00 -9.222948074340820312e+00 4.451240158081054688e+01 -2.127728118896484375e+02 4.002230465412139893e-01 2.856298522949218750e+02
1.015638351440429688e+00 -9.222948074340820312e+00 4.451240158081054688e+01 -2.127728118896484375e+02 4.002230465412139893e-01 2.856298522949218750e+02
1.015638351440429688e+00 -9.222948074340820312e+00 4.451240158081054688e+01 -2.127728118896484375e+02 4.002230465412139893e-01 2.856298522949218750e+02
1.015638351440429688e+00 -9.222948074340820312e+00 4.451240158081054688e+01 -2.127728118896484375e+02 4.002230465412139893e-01 2.856298522949218750e+02
1.015638351440429688e+00 -9.222948074340820312e+00 4.451240158081054688e+01 -2.127728118896484375e+02 4.002230465412139893e-01 2.856298522949218750e+02
1.015638351440429688e+00 -9.222948074340820312e+00 4.451240158081054688e+01 -2.127728118896484375e+02 4.002230465412139893e-01 2.856298522949218750e+02
1.015638351440429688e+00 -9.222948074340820312e+00 4.451240158081054688e+01 -2.127728118896484375e+02 4.002230465412139893e-01 2.856298522949218750e+02
1.015638351440429688e+00 -9.222948074340820312e+00 4.451240158081054688e+01 -2.127728118896484375e+02 4.002230465412139893e-01 2.856298522949218750e+02
1.015638351440429688e+00 -9.222948074340820312e+00 4.451240158081054688e+01 -2.127728118896484375e+02 4.002230465412139893e-01 2.856298522949218750e+02
1.015638351440429688e+00 -9.222948074340820312e+00 4.451240158081054688e+01 -2.127728118896484375e+02 4.002230465412139893e-01 2.856298522949218750e+02
1.015638351440429688e+00 -9.222948074340820312e+00 4.451240158081054688e+01 -2.127728118896484375e+02 4.002230465412139893e-01 2.856298522949218750e+02
1.015638351440429688e+00 -9.222948074340820312e+00 4.451240158081054688e+01 -2.127728118896484375e+02 4.002230465412139893e-01 2.856298522949218750e+02
1.015638351440429688e+00 -9.222948074340820312e+00 4.451240158081054688e+01 -2.127728118896484375e+02 4.002230465412139893e-01 2.856298522949218750e+02
1.015638351440429688e+00 -9.222948074340820312e+00 4.451240158081054688e+01 -2.127728118896484375e+02 4.002230465412139893e-01 2.856298522949218750e+02
1.015638351440429688e+00 -9.222948074340820312e+00 4.451240158081054688e+01 -2.127728118896484375e+02 4.002230465412139893e-01 2.856298522949218750e+02
1.015638351440429688e+00 -9.222948074340820312e+00 4.451240158081054688e+01 -2.127728118896484375e+02 4.002230465412139893e-01 2.856298522949218750e+02
1.015638351440429688e+00 -9.222948074340820312e+00 4.451240158081054688e+01 -2.127728118896484375e+02 4.002230465412139893e-01 2.856298522949218750e+02
1.015638351440429688e+00 -9.222948074340820312e+00 4.451240158081054688e+01 -2.127728118896484375e+02 4.002230465412139893e-01 2.856298522949218750e+02
1.015638351440429688e+00 -9.222948074340820312e+00 4.451240158081054688e+01 -2.127728118896484375e+02 4.002230465412139893e-01 2.856298522949218750e+02
1.015638351440429688e+00 -9.222948074340820312e+00 4.451240158081054688e+01 -2.127728118896484375e+02 4.002230465412139893e-01 2.856298522949218750e+02
1.015638351440429688e+00 -9.222948074340820312e+00 4.451240158081054688e+01 -2.127728118896484375e+02 4.002230465412139893e-01 2.856298522949218750e+02
1.015638351440429688e+00 -9.222948074340820312e+00 4.451240158081054688e+01 -2.127728118896484375e+02 4.002230465412139893e-01 2.856298522949218750e+02
1.015638351440429688e+00 -9.222948074340820312e+00 4.451240158081054688e+01 -2.127728118896484375e+02 4.002230465412139893e-01 2.856298522949218750e+02
1.015638351440429688e+00 -9.222948074340820312e+00 4.451240158081054688e+01 -2.127728118896484375e+02 4.002230465412139893e-01 2.856298522949218750e+02
1.015638351440429688e+00 -9.222948074340820312e+00 4.451240158081054688e+01 -2.127728118896484375e+02 4.002230465412139893e-01 2.856298522949218750e+02
1.015638351440429688e+00 -9.222948074340820312e+00 4.451240158081054688e+01 -2.127728118896484375e+02 4.002230465412139893e-01 2.856298522949218750e+02
1.015638351440429688e+00 -9.222948074340820312e+00 4.451240158081054688e+01 -2.127728118896484375e+02 4.002230465412139893e-01 2.856298522949218750e+02
1.015638351440429688e+00 -9.222948074340820312e+00 4.451240158081054688e+01 -2.127728118896484375e+02 4.002230465412139893e-01 2.856298522949218750e+02
1.015638351440429688e+00 -9.222948074340820312e+00 4.451240158081054688e+01 -2.127728118896484375e+02 4.002230465412139893e-01 2.856298522949218750e+02
1.015638351440429688e+00 -9.222948074340820312e+00 4.451240158081054688e+01 -2.127728118896484375e+02 4.002230465412139893e-01 2.856298522949218750e+02
1.015638351440429688e+00 -9.222948074340820312e+00 4.451240158081054688e+01 -2.127728118896484375e+02 4.002230465412139893e-01 2.856298522949218750e+02
1.015638351440429688e+00 -9.222948074340820312e+00 4.451240158081054688e+01 -2.127728118896484375e+02 4.002230465412139893e-01 2.856298522949218750e+02
1.015638351440429688e+00 -9.222948074340820312e+00 4.451240158081054688e+01 -2.127728118896484375e+02 4.002230465412139893e-01 2.856298522949218750e+02
1.015638351440429688e+00 -9.222948074340820312e+00 4.451240158081054688e+01 -2.127728118896484375e+02 4.002230465412139893e-01 2.856298522949218750e+02
1.015638351440429688e+00 -9.222948074340820312e+00 4.451240158081054688e+01 -2.127728118896484375e+02 4.002230465412139893e-01 2.856298522949218750e+02
1.015638351440429688e+00 -9.222948074340820312e+00 4.451240158081054688e+01 -2.127728118896484375e+02 4.002230465412139893e-01 2.856298522949218750e+02
1.015638351440429688e+00 -9.222948074340820312e+00 4.451240158081054688e+01 -2.127728118896484375e+02 4.002230465412139893e-01 2.856298522949218750e+02
1.015638351440429688e+00 -9.222948074340820312e+00 4.451240158081054688e+01 -2.127728118896484375e+02 4.002230465412139893e-01 2.856298522949218750e+02
1.015638351440429688e+00 -9.222948074340820312e+00 4.451240158081054688e+01 -2.127728118896484375e+02 4.002230465412139893e-01 2.856298522949218750e+02
1.015638351440429688e+00 -9.222948074340820312e+00 4.451240158081054688e+01 -2.127728118896484375e+02 4.002230465412139893e-01 2.856298522949218750e+02
1.015638351440429688e+00 -9.222948074340820312e+00 4.451240158081054688e+01 -2.127728118896484375e+02 4.002230465412139893e-01 2.856298522949218750e+02
1.015638351440429688e+00 -9.222948074340820312e+00 4.451240158081054688e+01 -2.127728118896484375e+02 4.002230465412139893e-01 2.856298522949218750e+02
1.015638351440429688e+00 -9.222948074340820312e+00 4.451240158081054688e+01 -2.127728118896484375e+02 4.002230465412139893e-01 2.856298522949218750e+02
1.015638351440429688e+00 -9.222948074340820312e+00 4.451240158081054688e+01 -2.127728118896484375e+02 4.002230465412139893e-01 2.856298522949218750e+02
1.015638351440429688e+00 -9.222948074340820312e+00 4.451240158081054688e+01 -2.127728118896484375e+02 4.002230465412139893e-01 2.856298522949218750e+02
1.015638351440429688e+00 -9.222948074340820312e+00 4.451240158081054688e+01 -2.127728118896484375e+02 4.002230465412139893e-01 2.856298522949218750e+02
1.015638351440429688e+00 -9.222948074340820312e+00 4.451240158081054688e+01 -2.127728118896484375e+02 4.002230465412139893e-01 2.856298522949218750e+02
1.015638351440429688e+00 -9.222948074340820312e+00 4.451240158081054688e+01 -2.127728118896484375e+02 4.002230465412139893e-01 2.856298522949218750e+02
1.015638351440429688e+00 -9.222948074340820312e+00 4.451240158081054688e+01 -2.127728118896484375e+02 4.002230465412139893e-01 2.856298522949218750e+02
1.015638351440429688e+00 -9.222948074340820312e+00 4.451240158081054688e+01 -2.127728118896484375e+02 4.002230465412139893e-01 2.856298522949218750e+02
1.015638351440429688e+00 -9.222948074340820312e+00 4.451240158081054688e+01 -2.127728118896484375e+02 4.002230465412139893e-01 2.856298522949218750e+02
1.015638351440429688e+00 -9.222948074340820312e+00 4.451240158081054688e+01 -2.127728118896484375e+02 4.002230465412139893e-01 2.856298522949218750e+02
1.015638351440429688e+00 -9.222948074340820312e+00 4.451240158081054688e+01 -2.127728118896484375e+02 4.002230465412139893e-01 2.856298522949218750e+02
1.015638351440429688e+00 -9.222948074340820312e+00 4.451240158081054688e+01 -2.127728118896484375e+02 4.002230465412139893e-01 2.856298522949218750e+02
1.015638351440429688e+00 -9.222948074340820312e+00 4.451240158081054688e+01 -2.127728118896484375e+02 4.002230465412139893e-01 2.856298522949218750e+02
1.015638351440429688e+00 -9.222948074340820312e+00 4.451240158081054688e+01 -2.127728118896484375e+02 4.002230465412139893e-01 2.856298522949218750e+02
1.015638351440429688e+00 -9.222948074340820312e+00 4.451240158081054688e+01 -2.127728118896484375e+02 4.002230465412139893e-01 2.856298522949218750e+02
1.015638351440429688e+00 -9.222948074340820312e+00 4.451240158081054688e+01 -2.127728118896484375e+02 4.002230465412139893e-01 2.856298522949218750e+02
1.015638351440429688e+00 -9.222948074340820312e+00 4.451240158081054688e+01 -2.127728118896484375e+02 4.002230465412139893e-01 2.856298522949218750e+02
1.015638351440429688e+00 -9.222948074340820312e+00 4.451240158081054688e+01 -2.127728118896484375e+02 4.002230465412139893e-01 2.856298522949218750e+02
1.015638351440429688e+00 -9.222948074340820312e+00 4.451240158081054688e+01 -2.127728118896484375e+02 4.002230465412139893e-01 2.856298522949218750e+02
1.015638351440429688e+00 -9.222948074340820312e+00 4.451240158081054688e+01 -2.127728118896484375e+02 4.002230465412139893e-01 2.856298522949218750e+02
1.015638351440429688e+00 -9.222948074340820312e+00 4.451240158081054688e+01 -2.127728118896484375e+02 4.002230465412139893e-01 2.856298522949218750e+02
1.015638351440429688e+00 -9.222948074340820312e+00 4.451240158081054688e+01 -2.127728118896484375e+02 4.002230465412139893e-01 2.856298522949218750e+02
1.015638351440429688e+00 -9.222948074340820312e+00 4.451240158081054688e+01 -2.127728118896484375e+02 4.002230465412139893e-01 2.856298522949218750e+02
1.015638351440429688e+00 -9.222948074340820312e+00 4.451240158081054688e+01 -2.127728118896484375e+02 4.002230465412139893e-01 2.856298522949218750e+02
1.015638351440429688e+00 -9.222948074340820312e+00 4.451240158081054688e+01 -2.127728118896484375e+02 4.002230465412139893e-01 2.856298522949218750e+02
1.015638351440429688e+00 -9.222948074340820312e+00 4.451240158081054688e+01 -2.127728118896484375e+02 4.002230465412139893e-01 2.856298522949218750e+02
1.015638351440429688e+00 -9.222948074340820312e+00 4.451240158081054688e+01 -2.127728118896484375e+02 4.002230465412139893e-01 2.856298522949218750e+02
1.015638351440429688e+00 -9.222948074340820312e+00 4.451240158081054688e+01 -2.127728118896484375e+02 4.002230465412139893e-01 2.856298522949218750e+02
1.015638351440429688e+00 -9.222948074340820312e+00 4.451240158081054688e+01 -2.127728118896484375e+02 4.002230465412139893e-01 2.856298522949218750e+02
1.015638351440429688e+00 -9.222948074340820312e+00 4.451240158081054688e+01 -2.127728118896484375e+02 4.002230465412139893e-01 2.856298522949218750e+02
1.015638351440429688e+00 -9.222948074340820312e+00 4.451240158081054688e+01 -2.127728118896484375e+02 4.002230465412139893e-01 2.856298522949218750e+02
1.015638351440429688e+00 -9.222948074340820312e+00 4.451240158081054688e+01 -2.127728118896484375e+02 4.002230465412139893e-01 2.856298522949218750e+02
1.015638351440429688e+00 -9.222948074340820312e+00 4.451240158081054688e+01 -2.127728118896484375e+02 4.002230465412139893e-01 2.856298522949218750e+02
1.015638351440429688e+00 -9.222948074340820312e+00 4.451240158081054688e+01 -2.127728118896484375e+02 4.002230465412139893e-01 2.856298522949218750e+02
1.015638351440429688e+00 -9.222948074340820312e+00 4.451240158081054688e+01 -2.127728118896484375e+02 4.002230465412139893e-01 2.856298522949218750e+02
1.015638351440429688e+00 -9.222948074340820312e+00 4.451240158081054688e+01 -2.127728118896484375e+02 4.002230465412139893e-01 2.856298522949218750e+02
1.015638351440429688e+00 -9.222948074340820312e+00 4.451240158081054688e+01 -2.127728118896484375e+02 4.002230465412139893e-01 2.856298522949218750e+02
1.015638351440429688e+00 -9.222948074340820312e+00 4.451240158081054688e+01 -2.127728118896484375e+02 4.002230465412139893e-01 2.856298522949218750e+02
1.015638351440429688e+00 -9.222948074340820312e+00 4.451240158081054688e+01 -2.127728118896484375e+02 4.002230465412139893e-01 2.856298522949218750e+02
1.015638351440429688e+00 -9.222948074340820312e+00 4.451240158081054688e+01 -2.127728118896484375e+02 4.002230465412139893e-01 2.856298522949218750e+02
1.015638351440429688e+00 -9.222948074340820312e+00 4.451240158081054688e+01 -2.127728118896484375e+02 4.002230465412139893e-01 2.856298522949218750e+02
1.015638351440429688e+00 -9.222948074340820312e+00 4.451240158081054688e+01 -2.127728118896484375e+02 4.002230465412139893e-01 2.856298522949218750e+02
1.015638351440429688e+00 -9.222948074340820312e+00 4.451240158081054688e+01 -2.127728118896484375e+02 4.002230465412139893e-01 2.856298522949218750e+02
1.015638351440429688e+00 -9.222948074340820312e+00 4.451240158081054688e+01 -2.127728118896484375e+02 4.002230465412139893e-01 2.856298522949218750e+02
1.015638351440429688e+00 -9.222948074340820312e+00 4.451240158081054688e+01 -2.127728118896484375e+02 4.002230465412139893e-01 2.856298522949218750e+02
1.015638351440429688e+00 -9.222948074340820312e+00 4.451240158081054688e+01 -2.127728118896484375e+02 4.002230465412139893e-01 2.856298522949218750e+02
1.015638351440429688e+00 -9.222948074340820312e+00 4.451240158081054688e+01 -2.127728118896484375e+02 4.002230465412139893e-01 2.856298522949218750e+02
1.015638351440429688e+00 -9.222948074340820312e+00 4.451240158081054688e+01 -2.127728118896484375e+02 4.002230465412139893e-01 2.856298522949218750e+02
1.015638351440429688e+00 -9.222948074340820312e+00 4.451240158081054688e+01 -2.127728118896484375e+02 4.002230465412139893e-01 2.856298522949218750e+02
1.015638351440429688e+00 -9.222948074340820312e+00 4.451240158081054688e+01 -2.127728118896484375e+02 4.002230465412139893e-01 2.856298522949218750e+02
1.015638351440429688e+00 -9.222948074340820312e+00 4.451240158081054688e+01 -2.127728118896484375e+02 4.002230465412139893e-01 2.856298522949218750e+02
1.015638351440429688e+00 -9.222948074340820312e+00 4.451240158081054688e+01 -2.127728118896484375e+02 4.002230465412139893e-01 2.856298522949218750e+02
1.015638351440429688e+00 -9.222948074340820312e+00 4.451240158081054688e+01 -2.127728118896484375e+02 4.002230465412139893e-01 2.856298522949218750e+02
1.015638351440429688e+00 -9.222948074340820312e+00 4.451240158081054688e+01 -2.127728118896484375e+02 4.002230465412139893e-01 2.856298522949218750e+02
1.015638351440429688e+00 -9.222948074340820312e+00 4.451240158081054688e+01 -2.127728118896484375e+02 4.002230465412139893e-01 2.856298522949218750e+02
1.015638351440429688e+00 -9.222948074340820312e+00 4.451240158081054688e+01 -2.127728118896484375e+02 4.002230465412139893e-01 2.856298522949218750e+02
1.015638351440429688e+00 -9.222948074340820312e+00 4.451240158081054688e+01 -2.127728118896484375e+02 4.002230465412139893e-01 2.856298522949218750e+02
1.015638351440429688e+00 -9.222948074340820312e+00 4.451240158081054688e+01 -2.127728118896484375e+02 4.002230465412139893e-01 2.856298522949218750e+02
1.015638351440429688e+00 -9.222948074340820312e+00 4.451240158081054688e+01 -2.127728118896484375e+02 4.002230465412139893e-01 2.856298522949218750e+02
1.015638351440429688e+00 -9.222948074340820312e+00 4.451240158081054688e+01 -2.127728118896484375e+02 4.002230465412139893e-01 2.856298522949218750e+02
1.015638351440429688e+00 -9.222948074340820312e+00 4.451240158081054688e+01 -2.127728118896484375e+02 4.002230465412139893e-01 2.856298522949218750e+02
1.015638351440429688e+00 -9.222948074340820312e+00 4.451240158081054688e+01 -2.127728118896484375e+02 4.002230465412139893e-01 2.856298522949218750e+02
1.015638351440429688e+00 -9.222948074340820312e+00 4.451240158081054688e+01 -2.127728118896484375e+02 4.002230465412139893e-01 2.856298522949218750e+02
1.015638351440429688e+00 -9.222948074340820312e+00 4.451240158081054688e+01 -2.127728118896484375e+02 4.002230465412139893e-01 2.856298522949218750e+02
1.015638351440429688e+00 -9.222948074340820312e+00 4.451240158081054688e+01 -2.127728118896484375e+02 4.002230465412139893e-01 2.856298522949218750e+02
1.015638351440429688e+00 -9.222948074340820312e+00 4.451240158081054688e+01 -2.127728118896484375e+02 4.002230465412139893e-01 2.856298522949218750e+02
1.015638351440429688e+00 -9.222948074340820312e+00 4.451240158081054688e+01 -2.127728118896484375e+02 4.002230465412139893e-01 2.856298522949218750e+02
1.015638351440429688e+00 -9.222948074340820312e+00 4.451240158081054688e+01 -2.127728118896484375e+02 4.002230465412139893e-01 2.856298522949218750e+02
1.015638351440429688e+00 -9.222948074340820312e+00 4.451240158081054688e+01 -2.127728118896484375e+02 4.002230465412139893e-01 2.856298522949218750e+02
1.015638351440429688e+00 -9.222948074340820312e+00 4.451240158081054688e+01 -2.127728118896484375e+02 4.002230465412139893e-01 2.856298522949218750e+02
1.015638351440429688e+00 -9.222948074340820312e+00 4.451240158081054688e+01 -2.127728118896484375e+02 4.002230465412139893e-01 2.856298522949218750e+02
1.015638351440429688e+00 -9.222948074340820312e+00 4.451240158081054688e+01 -2.127728118896484375e+02 4.002230465412139893e-01 2.856298522949218750e+02
1.015638351440429688e+00 -9.222948074340820312e+00 4.451240158081054688e+01 -2.127728118896484375e+02 4.002230465412139893e-01 2.856298522949218750e+02
1.015638351440429688e+00 -9.222948074340820312e+00 4.451240158081054688e+01 -2.127728118896484375e+02 4.002230465412139893e-01 2.856298522949218750e+02
1.015638351440429688e+00 -9.222948074340820312e+00 4.451240158081054688e+01 -2.127728118896484375e+02 4.002230465412139893e-01 2.856298522949218750e+02
1.015638351440429688e+00 -9.222948074340820312e+00 4.451240158081054688e+01 -2.127728118896484375e+02 4.002230465412139893e-01 2.856298522949218750e+02
1.015638351440429688e+00 -9.222948074340820312e+00 4.451240158081054688e+01 -2.127728118896484375e+02 4.002230465412139893e-01 2.856298522949218750e+02
1.015638351440429688e+00 -9.222948074340820312e+00 4.451240158081054688e+01 -2.127728118896484375e+02 4.002230465412139893e-01 2.856298522949218750e+02
1.015638351440429688e+00 -9.222948074340820312e+00 4.451240158081054688e+01 -2.127728118896484375e+02 4.002230465412139893e-01 2.856298522949218750e+02
1.015638351440429688e+00 -9.222948074340820312e+00 4.451240158081054688e+01 -2.127728118896484375e+02 4.002230465412139893e-01 2.856298522949218750e+02
1.015638351440429688e+00 -9.222948074340820312e+00 4.451240158081054688e+01 -2.127728118896484375e+02 4.002230465412139893e-01 2.856298522949218750e+02
1.015638351440429688e+00 -9.222948074340820312e+00 4.451240158081054688e+01 -2.127728118896484375e+02 4.002230465412139893e-01 2.856298522949218750e+02
1.015638351440429688e+00 -9.222948074340820312e+00 4.451240158081054688e+01 -2.127728118896484375e+02 4.002230465412139893e-01 2.856298522949218750e+02
1.015638351440429688e+00 -9.222948074340820312e+00 4.451240158081054688e+01 -2.127728118896484375e+02 4.002230465412139893e-01 2.856298522949218750e+02
1.015638351440429688e+00 -9.222948074340820312e+00 4.451240158081054688e+01 -2.127728118896484375e+02 4.002230465412139893e-01 2.856298522949218750e+02
1.015638351440429688e+00 -9.222948074340820312e+00 4.451240158081054688e+01 -2.127728118896484375e+02 4.002230465412139893e-01 2.856298522949218750e+02
1.015638351440429688e+00 -9.222948074340820312e+00 4.451240158081054688e+01 -2.127728118896484375e+02 4.002230465412139893e-01 2.856298522949218750e+02
1.015638351440429688e+00 -9.222948074340820312e+00 4.451240158081054688e+01 -2.127728118896484375e+02 4.002230465412139893e-01 2.856298522949218750e+02
1.015638351440429688e+00 -9.222948074340820312e+00 4.451240158081054688e+01 -2.127728118896484375e+02 4.002230465412139893e-01 2.856298522949218750e+02
1.015638351440429688e+00 -9.222948074340820312e+00 4.451240158081054688e+01 -2.127728118896484375e+02 4.002230465412139893e-01 2.856298522949218750e+02
1.015638351440429688e+00 -9.222948074340820312e+00 4.451240158081054688e+01 -2.127728118896484375e+02 4.002230465412139893e-01 2.856298522949218750e+02
1.015638351440429688e+00 -9.222948074340820312e+00 4.451240158081054688e+01 -2.127728118896484375e+02 4.002230465412139893e-01 2.856298522949218750e+02
1.015638351440429688e+00 -9.222948074340820312e+00 4.451240158081054688e+01 -2.127728118896484375e+02 4.002230465412139893e-01 2.856298522949218750e+02
1.015638351440429688e+00 -9.222948074340820312e+00 4.451240158081054688e+01 -2.127728118896484375e+02 4.002230465412139893e-01 2.856298522949218750e+02
1.015638351440429688e+00 -9.222948074340820312e+00 4.451240158081054688e+01 -2.127728118896484375e+02 4.002230465412139893e-01 2.856298522949218750e+02
1.015638351440429688e+00 -9.222948074340820312e+00 4.451240158081054688e+01 -2.127728118896484375e+02 4.002230465412139893e-01 2.856298522949218750e+02
1.015638351440429688e+00 -9.222948074340820312e+00 4.451240158081054688e+01 -2.127728118896484375e+02 4.002230465412139893e-01 2.856298522949218750e+02
1.015638351440429688e+00 -9.222948074340820312e+00 4.451240158081054688e+01 -2.127728118896484375e+02 4.002230465412139893e-01 2.856298522949218750e+02
1.015638351440429688e+00 -9.222948074340820312e+00 4.451240158081054688e+01 -2.127728118896484375e+02 4.002230465412139893e-01 2.856298522949218750e+02
1.015638351440429688e+00 -9.222948074340820312e+00 4.451240158081054688e+01 -2.127728118896484375e+02 4.002230465412139893e-01 2.856298522949218750e+02
1.015638351440429688e+00 -9.222948074340820312e+00 4.451240158081054688e+01 -2.127728118896484375e+02 4.002230465412139893e-01 2.856298522949218750e+02
1.015638351440429688e+00 -9.222948074340820312e+00 4.451240158081054688e+01 -2.127728118896484375e+02 4.002230465412139893e-01 2.856298522949218750e+02
1.015638351440429688e+00 -9.222948074340820312e+00 4.451240158081054688e+01 -2.127728118896484375e+02 4.002230465412139893e-01 2.856298522949218750e+02
1.015638351440429688e+00 -9.222948074340820312e+00 4.451240158081054688e+01 -2.127728118896484375e+02 4.002230465412139893e-01 2.856298522949218750e+02
1.015638351440429688e+00 -9.222948074340820312e+00 4.451240158081054688e+01 -2.127728118896484375e+02 4.002230465412139893e-01 2.856298522949218750e+02
1.015638351440429688e+00 -9.222948074340820312e+00 4.451240158081054688e+01 -2.127728118896484375e+02 4.002230465412139893e-01 2.856298522949218750e+02
1.015638351440429688e+00 -9.222948074340820312e+00 4.451240158081054688e+01 -2.127728118896484375e+02 4.002230465412139893e-01 2.856298522949218750e+02
1.015638351440429688e+00 -9.222948074340820312e+00 4.451240158081054688e+01 -2.127728118896484375e+02 4.002230465412139893e-01 2.856298522949218750e+02
1.015638351440429688e+00 -9.222948074340820312e+00 4.451240158081054688e+01 -2.127728118896484375e+02 4.002230465412139893e-01 2.856298522949218750e+02
1.015638351440429688e+00 -9.222948074340820312e+00 4.451240158081054688e+01 -2.127728118896484375e+02 4.002230465412139893e-01 2.856298522949218750e+02
1.015638351440429688e+00 -9.222948074340820312e+00 4.451240158081054688e+01 -2.127728118896484375e+02 4.002230465412139893e-01 2.856298522949218750e+02
1.015638351440429688e+00 -9.222948074340820312e+00 4.451240158081054688e+01 -2.127728118896484375e+02 4.002230465412139893e-01 2.856298522949218750e+02
1.015638351440429688e+00 -9.222948074340820312e+00 4.451240158081054688e+01 -2.127728118896484375e+02 4.002230465412139893e-01 2.856298522949218750e+02
1.015638351440429688e+00 -9.222948074340820312e+00 4.451240158081054688e+01 -2.127728118896484375e+02 4.002230465412139893e-01 2.856298522949218750e+02
1.015638351440429688e+00 -9.222948074340820312e+00 4.451240158081054688e+01 -2.127728118896484375e+02 4.002230465412139893e-01 2.856298522949218750e+02
1.015638351440429688e+00 -9.222948074340820312e+00 4.451240158081054688e+01 -2.127728118896484375e+02 4.002230465412139893e-01 2.856298522949218750e+02
1.015638351440429688e+00 -9.222948074340820312e+00 4.451240158081054688e+01 -2.127728118896484375e+02 4.002230465412139893e-01 2.856298522949218750e+02
1.015638351440429688e+00 -9.222948074340820312e+00 4.451240158081054688e+01 -2.127728118896484375e+02 4.002230465412139893e-01 2.856298522949218750e+02
1.015638351440429688e+00 -9.222948074340820312e+00 4.451240158081054688e+01 -2.127728118896484375e+02 4.002230465412139893e-01 2.856298522949218750e+02
1.015638351440429688e+00 -9.222948074340820312e+00 4.451240158081054688e+01 -2.127728118896484375e+02 4.002230465412139893e-01 2.856298522949218750e+02
1.015638351440429688e+00 -9.222948074340820312e+00 4.451240158081054688e+01 -2.127728118896484375e+02 4.002230465412139893e-01 2.856298522949218750e+02
1.015638351440429688e+00 -9.222948074340820312e+00 4.451240158081054688e+01 -2.127728118896484375e+02 4.002230465412139893e-01 2.856298522949218750e+02
1.015638351440429688e+00 -9.222948074340820312e+00 4.451240158081054688e+01 -2.127728118896484375e+02 4.002230465412139893e-01 2.856298522949218750e+02
1.015638351440429688e+00 -9.222948074340820312e+00 4.451240158081054688e+01 -2.127728118896484375e+02 4.002230465412139893e-01 2.856298522949218750e+02
1.015638351440429688e+00 -9.222948074340820312e+00 4.451240158081054688e+01 -2.127728118896484375e+02 4.002230465412139893e-01 2.856298522949218750e+02
1.015638351440429688e+00 -9.222948074340820312e+00 4.451240158081054688e+01 -2.127728118896484375e+02 4.002230465412139893e-01 2.856298522949218750e+02
1.015638351440429688e+00 -9.222948074340820312e+00 4.451240158081054688e+01 -2.127728118896484375e+02 4.002230465412139893e-01 2.856298522949218750e+02
1.015638351440429688e+00 -9.222948074340820312e+00 4.451240158081054688e+01 -2.127728118896484375e+02 4.002230465412139893e-01 2.856298522949218750e+02
1.015638351440429688e+00 -9.222948074340820312e+00 4.451240158081054688e+01 -2.127728118896484375e+02 4.002230465412139893e-01 2.856298522949218750e+02
1.015638351440429688e+00 -9.222948074340820312e+00 4.451240158081054688e+01 -2.127728118896484375e+02 4.002230465412139893e-01 2.856298522949218750e+02
1.015638351440429688e+00 -9.222948074340820312e+00 4.451240158081054688e+01 -2.127728118896484375e+02 4.002230465412139893e-01 2.856298522949218750e+02
1.015638351440429688e+00 -9.222948074340820312e+00 4.451240158081054688e+01 -2.127728118896484375e+02 4.002230465412139893e-01 2.856298522949218750e+02
1.015638351440429688e+00 -9.222948074340820312e+00 4.451240158081054688e+01 -2.127728118896484375e+02 4.002230465412139893e-01 2.856298522949218750e+02
1.015638351440429688e+00 -9.222948074340820312e+00 4.451240158081054688e+01 -2.127728118896484375e+02 4.002230465412139893e-01 2.856298522949218750e+02
1.015638351440429688e+00 -9.222948074340820312e+00 4.451240158081054688e+01 -2.127728118896484375e+02 4.002230465412139893e-01 2.856298522949218750e+02
1.015638351440429688e+00 -9.222948074340820312e+00 4.451240158081054688e+01 -2.127728118896484375e+02 4.002230465412139893e-01 2.856298522949218750e+02
1.015638351440429688e+00 -9.222948074340820312e+00 4.451240158081054688e+01 -2.127728118896484375e+02 4.002230465412139893e-01 2.856298522949218750e+02
1.015638351440429688e+00 -9.222948074340820312e+00 4.451240158081054688e+01 -2.127728118896484375e+02 4.002230465412139893e-01 2.856298522949218750e+02
1.015638351440429688e+00 -9.222948074340820312e+00 4.451240158081054688e+01 -2.127728118896484375e+02 4.002230465412139893e-01 2.856298522949218750e+02
1.015638351440429688e+00 -9.222948074340820312e+00 4.451240158081054688e+01 -2.127728118896484375e+02 4.002230465412139893e-01 2.856298522949218750e+02
1.015638351440429688e+00 -9.222948074340820312e+00 4.451240158081054688e+01 -2.127728118896484375e+02 4.002230465412139893e-01 2.856298522949218750e+02
1.015638351440429688e+00 -9.222948074340820312e+00 4.451240158081054688e+01 -2.127728118896484375e+02 4.002230465412139893e-01 2.856298522949218750e+02
1.015638351440429688e+00 -9.222948074340820312e+00 4.451240158081054688e+01 -2.127728118896484375e+02 4.002230465412139893e-01 2.856298522949218750e+02
1.015638351440429688e+00 -9.222948074340820312e+00 4.451240158081054688e+01 -2.127728118896484375e+02 4.002230465412139893e-01 2.856298522949218750e+02
1.015638351440429688e+00 -9.222948074340820312e+00 4.451240158081054688e+01 -2.127728118896484375e+02 4.002230465412139893e-01 2.856298522949218750e+02
1.015638351440429688e+00 -9.222948074340820312e+00 4.451240158081054688e+01 -2.127728118896484375e+02 4.002230465412139893e-01 2.856298522949218750e+02
1.015638351440429688e+00 -9.222948074340820312e+00 4.451240158081054688e+01 -2.127728118896484375e+02 4.002230465412139893e-01 2.856298522949218750e+02
1.015638351440429688e+00 -9.222948074340820312e+00 4.451240158081054688e+01 -2.127728118896484375e+02 4.002230465412139893e-01 2.856298522949218750e+02
1.015638351440429688e+00 -9.222948074340820312e+00 4.451240158081054688e+01 -2.127728118896484375e+02 4.002230465412139893e-01 2.856298522949218750e+02
1.015638351440429688e+00 -9.222948074340820312e+00 4.451240158081054688e+01 -2.127728118896484375e+02 4.002230465412139893e-01 2.856298522949218750e+02
1.015638351440429688e+00 -9.222948074340820312e+00 4.451240158081054688e+01 -2.127728118896484375e+02 4.002230465412139893e-01 2.856298522949218750e+02
1.015638351440429688e+00 -9.222948074340820312e+00 4.451240158081054688e+01 -2.127728118896484375e+02 4.002230465412139893e-01 2.856298522949218750e+02
1.015638351440429688e+00 -9.222948074340820312e+00 4.451240158081054688e+01 -2.127728118896484375e+02 4.002230465412139893e-01 2.856298522949218750e+02
1.015638351440429688e+00 -9.222948074340820312e+00 4.451240158081054688e+01 -2.127728118896484375e+02 4.002230465412139893e-01 2.856298522949218750e+02
1.015638351440429688e+00 -9.222948074340820312e+00 4.451240158081054688e+01 -2.127728118896484375e+02 4.002230465412139893e-01 2.856298522949218750e+02
1.015638351440429688e+00 -9.222948074340820312e+00 4.451240158081054688e+01 -2.127728118896484375e+02 4.002230465412139893e-01 2.856298522949218750e+02
1.015638351440429688e+00 -9.222948074340820312e+00 4.451240158081054688e+01 -2.127728118896484375e+02 4.002230465412139893e-01 2.856298522949218750e+02
1.015638351440429688e+00 -9.222948074340820312e+00 4.451240158081054688e+01 -2.127728118896484375e+02 4.002230465412139893e-01 2.856298522949218750e+02
1.015638351440429688e+00 -9.222948074340820312e+00 4.451240158081054688e+01 -2.127728118896484375e+02 4.002230465412139893e-01 2.856298522949218750e+02
1.015638351440429688e+00 -9.222948074340820312e+00 4.451240158081054688e+01 -2.127728118896484375e+02 4.002230465412139893e-01 2.856298522949218750e+02
1.015638351440429688e+00 -9.222948074340820312e+00 4.451240158081054688e+01 -2.127728118896484375e+02 4.002230465412139893e-01 2.856298522949218750e+02
1.015638351440429688e+00 -9.222948074340820312e+00 4.451240158081054688e+01 -2.127728118896484375e+02 4.002230465412139893e-01 2.856298522949218750e+02
1.015638351440429688e+00 -9.222948074340820312e+00 4.451240158081054688e+01 -2.127728118896484375e+02 4.002230465412139893e-01 2.856298522949218750e+02
1.015638351440429688e+00 -9.222948074340820312e+00 4.451240158081054688e+01 -2.127728118896484375e+02 4.002230465412139893e-01 2.856298522949218750e+02
1.015638351440429688e+00 -9.222948074340820312e+00 4.451240158081054688e+01 -2.127728118896484375e+02 4.002230465412139893e-01 2.856298522949218750e+02
1.015638351440429688e+00 -9.222948074340820312e+00 4.451240158081054688e+01 -2.127728118896484375e+02 4.002230465412139893e-01 2.856298522949218750e+02
1.015638351440429688e+00 -9.222948074340820312e+00 4.451240158081054688e+01 -2.127728118896484375e+02 4.002230465412139893e-01 2.856298522949218750e+02
1.015638351440429688e+00 -9.222948074340820312e+00 4.451240158081054688e+01 -2.127728118896484375e+02 4.002230465412139893e-01 2.856298522949218750e+02
1.015638351440429688e+00 -9.222948074340820312e+00 4.451240158081054688e+01 -2.127728118896484375e+02 4.002230465412139893e-01 2.856298522949218750e+02
1.015638351440429688e+00 -9.222948074340820312e+00 4.451240158081054688e+01 -2.127728118896484375e+02 4.002230465412139893e-01 2.856298522949218750e+02
1.015638351440429688e+00 -9.222948074340820312e+00 4.451240158081054688e+01 -2.127728118896484375e+02 4.002230465412139893e-01 2.856298522949218750e+02
1.015638351440429688e+00 -9.222948074340820312e+00 4.451240158081054688e+01 -2.127728118896484375e+02 4.002230465412139893e-01 2.856298522949218750e+02
1.015638351440429688e+00 -9.222948074340820312e+00 4.451240158081054688e+01 -2.127728118896484375e+02 4.002230465412139893e-01 2.856298522949218750e+02
1.015638351440429688e+00 -9.222948074340820312e+00 4.451240158081054688e+01 -2.127728118896484375e+02 4.002230465412139893e-01 2.856298522949218750e+02
1.015638351440429688e+00 -9.222948074340820312e+00 4.451240158081054688e+01 -2.127728118896484375e+02 4.002230465412139893e-01 2.856298522949218750e+02
1.015638351440429688e+00 -9.222948074340820312e+00 4.451240158081054688e+01 -2.127728118896484375e+02 4.002230465412139893e-01 2.856298522949218750e+02
1.015638351440429688e+00 -9.222948074340820312e+00 4.451240158081054688e+01 -2.127728118896484375e+02 4.002230465412139893e-01 2.856298522949218750e+02
1.015638351440429688e+00 -9.222948074340820312e+00 4.451240158081054688e+01 -2.127728118896484375e+02 4.002230465412139893e-01 2.856298522949218750e+02
1.015638351440429688e+00 -9.222948074340820312e+00 4.451240158081054688e+01 -2.127728118896484375e+02 4.002230465412139893e-01 2.856298522949218750e+02
1.015638351440429688e+00 -9.222948074340820312e+00 4.451240158081054688e+01 -2.127728118896484375e+02 4.002230465412139893e-01 2.856298522949218750e+02
1.015638351440429688e+00 -9.222948074340820312e+00 4.451240158081054688e+01 -2.127728118896484375e+02 4.002230465412139893e-01 2.856298522949218750e+02
1.015638351440429688e+00 -9.222948074340820312e+00 4.451240158081054688e+01 -2.127728118896484375e+02 4.002230465412139893e-01 2.856298522949218750e+02
1.015638351440429688e+00 -9.222948074340820312e+00 4.451240158081054688e+01 -2.127728118896484375e+02 4.002230465412139893e-01 2.856298522949218750e+02
1.015638351440429688e+00 -9.222948074340820312e+00 4.451240158081054688e+01 -2.127728118896484375e+02 4.002230465412139893e-01 2.856298522949218750e+02
1.015638351440429688e+00 -9.222948074340820312e+00 4.451240158081054688e+01 -2.127728118896484375e+02 4.002230465412139893e-01 2.856298522949218750e+02
1.015638351440429688e+00 -9.222948074340820312e+00 4.451240158081054688e+01 -2.127728118896484375e+02 4.002230465412139893e-01 2.856298522949218750e+02
1.015638351440429688e+00 -9.222948074340820312e+00 4.451240158081054688e+01 -2.127728118896484375e+02 4.002230465412139893e-01 2.856298522949218750e+02
1.015638351440429688e+00 -9.222948074340820312e+00 4.451240158081054688e+01 -2.127728118896484375e+02 4.002230465412139893e-01 2.856298522949218750e+02
1.015638351440429688e+00 -9.222948074340820312e+00 4.451240158081054688e+01 -2.127728118896484375e+02 4.002230465412139893e-01 2.856298522949218750e+02
1.015638351440429688e+00 -9.222948074340820312e+00 4.451240158081054688e+01 -2.127728118896484375e+02 4.002230465412139893e-01 2.856298522949218750e+02
1.015638351440429688e+00 -9.222948074340820312e+00 4.451240158081054688e+01 -2.127728118896484375e+02 4.002230465412139893e-01 2.856298522949218750e+02
1.015638351440429688e+00 -9.222948074340820312e+00 4.451240158081054688e+01 -2.127728118896484375e+02 4.002230465412139893e-01 2.856298522949218750e+02
1.015638351440429688e+00 -9.222948074340820312e+00 4.451240158081054688e+01 -2.127728118896484375e+02 4.002230465412139893e-01 2.856298522949218750e+02
1.015638351440429688e+00 -9.222948074340820312e+00 4.451240158081054688e+01 -2.127728118896484375e+02 4.002230465412139893e-01 2.856298522949218750e+02
1.015638351440429688e+00 -9.222948074340820312e+00 4.451240158081054688e+01 -2.127728118896484375e+02 4.002230465412139893e-01 2.856298522949218750e+02
1.015638351440429688e+00 -9.222948074340820312e+00 4.451240158081054688e+01 -2.127728118896484375e+02 4.002230465412139893e-01 2.856298522949218750e+02
1.015638351440429688e+00 -9.222948074340820312e+00 4.451240158081054688e+01 -2.127728118896484375e+02 4.002230465412139893e-01 2.856298522949218750e+02
1.015638351440429688e+00 -9.222948074340820312e+00 4.451240158081054688e+01 -2.127728118896484375e+02 4.002230465412139893e-01 2.856298522949218750e+02
1.015638351440429688e+00 -9.222948074340820312e+00 4.451240158081054688e+01 -2.127728118896484375e+02 4.002230465412139893e-01 2.856298522949218750e+02
1.015638351440429688e+00 -9.222948074340820312e+00 4.451240158081054688e+01 -2.127728118896484375e+02 4.002230465412139893e-01 2.856298522949218750e+02
1.015638351440429688e+00 -9.222948074340820312e+00 4.451240158081054688e+01 -2.127728118896484375e+02 4.002230465412139893e-01 2.856298522949218750e+02
1.015638351440429688e+00 -9.222948074340820312e+00 4.451240158081054688e+01 -2.127728118896484375e+02 4.002230465412139893e-01 2.856298522949218750e+02
1.015638351440429688e+00 -9.222948074340820312e+00 4.451240158081054688e+01 -2.127728118896484375e+02 4.002230465412139893e-01 2.856298522949218750e+02
1.015638351440429688e+00 -9.222948074340820312e+00 4.451240158081054688e+01 -2.127728118896484375e+02 4.002230465412139893e-01 2.856298522949218750e+02
1.015638351440429688e+00 -9.222948074340820312e+00 4.451240158081054688e+01 -2.127728118896484375e+02 4.002230465412139893e-01 2.856298522949218750e+02
1.015638351440429688e+00 -9.222948074340820312e+00 4.451240158081054688e+01 -2.127728118896484375e+02 4.002230465412139893e-01 2.856298522949218750e+02
1.015638351440429688e+00 -9.222948074340820312e+00 4.451240158081054688e+01 -2.127728118896484375e+02 4.002230465412139893e-01 2.856298522949218750e+02
1.015638351440429688e+00 -9.222948074340820312e+00 4.451240158081054688e+01 -2.127728118896484375e+02 4.002230465412139893e-01 2.856298522949218750e+02
1.015638351440429688e+00 -9.222948074340820312e+00 4.451240158081054688e+01 -2.127728118896484375e+02 4.002230465412139893e-01 2.856298522949218750e+02
1.015638351440429688e+00 -9.222948074340820312e+00 4.451240158081054688e+01 -2.127728118896484375e+02 4.002230465412139893e-01 2.856298522949218750e+02
1.015638351440429688e+00 -9.222948074340820312e+00 4.451240158081054688e+01 -2.127728118896484375e+02 4.002230465412139893e-01 2.856298522949218750e+02
1.015638351440429688e+00 -9.222948074340820312e+00 4.451240158081054688e+01 -2.127728118896484375e+02 4.002230465412139893e-01 2.856298522949218750e+02
1.015638351440429688e+00 -9.222948074340820312e+00 4.451240158081054688e+01 -2.127728118896484375e+02 4.002230465412139893e-01 2.856298522949218750e+02
1.015638351440429688e+00 -9.222948074340820312e+00 4.451240158081054688e+01 -2.127728118896484375e+02 4.002230465412139893e-01 2.856298522949218750e+02
1.015638351440429688e+00 -9.222948074340820312e+00 4.451240158081054688e+01 -2.127728118896484375e+02 4.002230465412139893e-01 2.856298522949218750e+02
1.015638351440429688e+00 -9.222948074340820312e+00 4.451240158081054688e+01 -2.127728118896484375e+02 4.002230465412139893e-01 2.856298522949218750e+02
1.015638351440429688e+00 -9.222948074340820312e+00 4.451240158081054688e+01 -2.127728118896484375e+02 4.002230465412139893e-01 2.856298522949218750e+02
1.015638351440429688e+00 -9.222948074340820312e+00 4.451240158081054688e+01 -2.127728118896484375e+02 4.002230465412139893e-01 2.856298522949218750e+02
1.015638351440429688e+00 -9.222948074340820312e+00 4.451240158081054688e+01 -2.127728118896484375e+02 4.002230465412139893e-01 2.856298522949218750e+02
1.015638351440429688e+00 -9.222948074340820312e+00 4.451240158081054688e+01 -2.127728118896484375e+02 4.002230465412139893e-01 2.856298522949218750e+02
1.015638351440429688e+00 -9.222948074340820312e+00 4.451240158081054688e+01 -2.127728118896484375e+02 4.002230465412139893e-01 2.856298522949218750e+02
1.015638351440429688e+00 -9.222948074340820312e+00 4.451240158081054688e+01 -2.127728118896484375e+02 4.002230465412139893e-01 2.856298522949218750e+02
1.015638351440429688e+00 -9.222948074340820312e+00 4.451240158081054688e+01 -2.127728118896484375e+02 4.002230465412139893e-01 2.856298522949218750e+02
1.015638351440429688e+00 -9.222948074340820312e+00 4.451240158081054688e+01 -2.127728118896484375e+02 4.002230465412139893e-01 2.856298522949218750e+02
1.015638351440429688e+00 -9.222948074340820312e+00 4.451240158081054688e+01 -2.127728118896484375e+02 4.002230465412139893e-01 2.856298522949218750e+02
1.015638351440429688e+00 -9.222948074340820312e+00 4.451240158081054688e+01 -2.127728118896484375e+02 4.002230465412139893e-01 2.856298522949218750e+02
1.015638351440429688e+00 -9.222948074340820312e+00 4.451240158081054688e+01 -2.127728118896484375e+02 4.002230465412139893e-01 2.856298522949218750e+02
1.015638351440429688e+00 -9.222948074340820312e+00 4.451240158081054688e+01 -2.127728118896484375e+02 4.002230465412139893e-01 2.856298522949218750e+02
1.015638351440429688e+00 -9.222948074340820312e+00 4.451240158081054688e+01 -2.127728118896484375e+02 4.002230465412139893e-01 2.856298522949218750e+02
1.015638351440429688e+00 -9.222948074340820312e+00 4.451240158081054688e+01 -2.127728118896484375e+02 4.002230465412139893e-01 2.856298522949218750e+02
1.015638351440429688e+00 -9.222948074340820312e+00 4.451240158081054688e+01 -2.127728118896484375e+02 4.002230465412139893e-01 2.856298522949218750e+02
1.015638351440429688e+00 -9.222948074340820312e+00 4.451240158081054688e+01 -2.127728118896484375e+02 4.002230465412139893e-01 2.856298522949218750e+02
1.015638351440429688e+00 -9.222948074340820312e+00 4.451240158081054688e+01 -2.127728118896484375e+02 4.002230465412139893e-01 2.856298522949218750e+02
1.015638351440429688e+00 -9.222948074340820312e+00 4.451240158081054688e+01 -2.127728118896484375e+02 4.002230465412139893e-01 2.856298522949218750e+02
1.015638351440429688e+00 -9.222948074340820312e+00 4.451240158081054688e+01 -2.127728118896484375e+02 4.002230465412139893e-01 2.856298522949218750e+02
1.015638351440429688e+00 -9.222948074340820312e+00 4.451240158081054688e+01 -2.127728118896484375e+02 4.002230465412139893e-01 2.856298522949218750e+02
1.015638351440429688e+00 -9.222948074340820312e+00 4.451240158081054688e+01 -2.127728118896484375e+02 4.002230465412139893e-01 2.856298522949218750e+02
1.015638351440429688e+00 -9.222948074340820312e+00 4.451240158081054688e+01 -2.127728118896484375e+02 4.002230465412139893e-01 2.856298522949218750e+02
1.015638351440429688e+00 -9.222948074340820312e+00 4.451240158081054688e+01 -2.127728118896484375e+02 4.002230465412139893e-01 2.856298522949218750e+02
1.015638351440429688e+00 -9.222948074340820312e+00 4.451240158081054688e+01 -2.127728118896484375e+02 4.002230465412139893e-01 2.856298522949218750e+02
1.015638351440429688e+00 -9.222948074340820312e+00 4.451240158081054688e+01 -2.127728118896484375e+02 4.002230465412139893e-01 2.856298522949218750e+02
1.015638351440429688e+00 -9.222948074340820312e+00 4.451240158081054688e+01 -2.127728118896484375e+02 4.002230465412139893e-01 2.856298522949218750e+02
1.015638351440429688e+00 -9.222948074340820312e+00 4.451240158081054688e+01 -2.127728118896484375e+02 4.002230465412139893e-01 2.856298522949218750e+02
1.015638351440429688e+00 -9.222948074340820312e+00 4.451240158081054688e+01 -2.127728118896484375e+02 4.002230465412139893e-01 2.856298522949218750e+02
1.015638351440429688e+00 -9.222948074340820312e+00 4.451240158081054688e+01 -2.127728118896484375e+02 4.002230465412139893e-01 2.856298522949218750e+02
1.015638351440429688e+00 -9.222948074340820312e+00 4.451240158081054688e+01 -2.127728118896484375e+02 4.002230465412139893e-01 2.856298522949218750e+02
1.015638351440429688e+00 -9.222948074340820312e+00 4.451240158081054688e+01 -2.127728118896484375e+02 4.002230465412139893e-01 2.856298522949218750e+02
1.015638351440429688e+00 -9.222948074340820312e+00 4.451240158081054688e+01 -2.127728118896484375e+02 4.002230465412139893e-01 2.856298522949218750e+02
1.015638351440429688e+00 -9.222948074340820312e+00 4.451240158081054688e+01 -2.127728118896484375e+02 4.002230465412139893e-01 2.856298522949218750e+02
1.015638351440429688e+00 -9.222948074340820312e+00 4.451240158081054688e+01 -2.127728118896484375e+02 4.002230465412139893e-01 2.856298522949218750e+02
1.015638351440429688e+00 -9.222948074340820312e+00 4.451240158081054688e+01 -2.127728118896484375e+02 4.002230465412139893e-01 2.856298522949218750e+02
